split	n	density	schedule	region	target_load	query_load	reuse
development	10	4	affine	low	83	83	1
development	10	4	affine	low	83	10	8
development	10	4	affine	cross	165	165	1
development	10	4	affine	cross	165	21	8
development	10	4	affine	high	330	330	1
development	10	4	affine	high	330	41	8
development	10	4	low_weight_first	low	83	83	1
development	10	4	low_weight_first	low	83	10	8
development	10	4	low_weight_first	cross	165	165	1
development	10	4	low_weight_first	cross	165	21	8
development	10	4	low_weight_first	high	330	330	1
development	10	4	low_weight_first	high	330	41	8
development	10	4	high_weight_first	low	83	83	1
development	10	4	high_weight_first	low	83	10	8
development	10	4	high_weight_first	cross	165	165	1
development	10	4	high_weight_first	cross	165	21	8
development	10	4	high_weight_first	high	330	330	1
development	10	4	high_weight_first	high	330	41	8
development	10	16	affine	low	20	20	1
development	10	16	affine	low	20	3	8
development	10	16	affine	cross	40	40	1
development	10	16	affine	cross	40	5	8
development	10	16	affine	high	81	81	1
development	10	16	affine	high	81	10	8
development	10	16	low_weight_first	low	20	20	1
development	10	16	low_weight_first	low	20	3	8
development	10	16	low_weight_first	cross	40	40	1
development	10	16	low_weight_first	cross	40	5	8
development	10	16	low_weight_first	high	81	81	1
development	10	16	low_weight_first	high	81	10	8
development	10	16	high_weight_first	low	20	20	1
development	10	16	high_weight_first	low	20	3	8
development	10	16	high_weight_first	cross	40	40	1
development	10	16	high_weight_first	cross	40	5	8
development	10	16	high_weight_first	high	81	81	1
development	10	16	high_weight_first	high	81	10	8
development	10	64	affine	low	5	5	1
development	10	64	affine	low	5	1	8
development	10	64	affine	cross	10	10	1
development	10	64	affine	cross	10	1	8
development	10	64	affine	high	20	20	1
development	10	64	affine	high	20	3	8
development	10	64	low_weight_first	low	5	5	1
development	10	64	low_weight_first	low	5	1	8
development	10	64	low_weight_first	cross	10	10	1
development	10	64	low_weight_first	cross	10	1	8
development	10	64	low_weight_first	high	20	20	1
development	10	64	low_weight_first	high	20	3	8
development	10	64	high_weight_first	low	5	5	1
development	10	64	high_weight_first	low	5	1	8
development	10	64	high_weight_first	cross	10	10	1
development	10	64	high_weight_first	cross	10	1	8
development	10	64	high_weight_first	high	20	20	1
development	10	64	high_weight_first	high	20	3	8
development	12	4	affine	low	396	396	1
development	12	4	affine	low	396	50	8
development	12	4	affine	cross	793	793	1
development	12	4	affine	cross	793	99	8
development	12	4	affine	high	1586	1586	1
development	12	4	affine	high	1586	198	8
development	12	4	low_weight_first	low	396	396	1
development	12	4	low_weight_first	low	396	50	8
development	12	4	low_weight_first	cross	793	793	1
development	12	4	low_weight_first	cross	793	99	8
development	12	4	low_weight_first	high	1586	1586	1
development	12	4	low_weight_first	high	1586	198	8
development	12	4	high_weight_first	low	396	396	1
development	12	4	high_weight_first	low	396	50	8
development	12	4	high_weight_first	cross	793	793	1
development	12	4	high_weight_first	cross	793	99	8
development	12	4	high_weight_first	high	1586	1586	1
development	12	4	high_weight_first	high	1586	198	8
development	12	16	affine	low	97	97	1
development	12	16	affine	low	97	12	8
development	12	16	affine	cross	194	194	1
development	12	16	affine	cross	194	24	8
development	12	16	affine	high	387	387	1
development	12	16	affine	high	387	48	8
development	12	16	low_weight_first	low	97	97	1
development	12	16	low_weight_first	low	97	12	8
development	12	16	low_weight_first	cross	194	194	1
development	12	16	low_weight_first	cross	194	24	8
development	12	16	low_weight_first	high	387	387	1
development	12	16	low_weight_first	high	387	48	8
development	12	16	high_weight_first	low	97	97	1
development	12	16	high_weight_first	low	97	12	8
development	12	16	high_weight_first	cross	194	194	1
development	12	16	high_weight_first	cross	194	24	8
development	12	16	high_weight_first	high	387	387	1
development	12	16	high_weight_first	high	387	48	8
development	12	64	affine	low	24	24	1
development	12	64	affine	low	24	3	8
development	12	64	affine	cross	48	48	1
development	12	64	affine	cross	48	6	8
development	12	64	affine	high	96	96	1
development	12	64	affine	high	96	12	8
development	12	64	low_weight_first	low	24	24	1
development	12	64	low_weight_first	low	24	3	8
development	12	64	low_weight_first	cross	48	48	1
development	12	64	low_weight_first	cross	48	6	8
development	12	64	low_weight_first	high	96	96	1
development	12	64	low_weight_first	high	96	12	8
development	12	64	high_weight_first	low	24	24	1
development	12	64	high_weight_first	low	24	3	8
development	12	64	high_weight_first	cross	48	48	1
development	12	64	high_weight_first	cross	48	6	8
development	12	64	high_weight_first	high	96	96	1
development	12	64	high_weight_first	high	96	12	8
validation	15	4	affine	low	3964	3964	1
validation	15	4	affine	low	3964	496	8
validation	15	4	affine	cross	7928	7928	1
validation	15	4	affine	cross	7928	991	8
validation	15	4	affine	high	15855	15855	1
validation	15	4	affine	high	15855	1982	8
validation	15	4	low_weight_first	low	3964	3964	1
validation	15	4	low_weight_first	low	3964	496	8
validation	15	4	low_weight_first	cross	7928	7928	1
validation	15	4	low_weight_first	cross	7928	991	8
validation	15	4	low_weight_first	high	15855	15855	1
validation	15	4	low_weight_first	high	15855	1982	8
validation	15	4	high_weight_first	low	3964	3964	1
validation	15	4	high_weight_first	low	3964	496	8
validation	15	4	high_weight_first	cross	7928	7928	1
validation	15	4	high_weight_first	cross	7928	991	8
validation	15	4	high_weight_first	high	15855	15855	1
validation	15	4	high_weight_first	high	15855	1982	8
validation	15	16	affine	low	968	968	1
validation	15	16	affine	low	968	121	8
validation	15	16	affine	cross	1935	1935	1
validation	15	16	affine	cross	1935	242	8
validation	15	16	affine	high	3870	3870	1
validation	15	16	affine	high	3870	484	8
validation	15	16	low_weight_first	low	968	968	1
validation	15	16	low_weight_first	low	968	121	8
validation	15	16	low_weight_first	cross	1935	1935	1
validation	15	16	low_weight_first	cross	1935	242	8
validation	15	16	low_weight_first	high	3870	3870	1
validation	15	16	low_weight_first	high	3870	484	8
validation	15	16	high_weight_first	low	968	968	1
validation	15	16	high_weight_first	low	968	121	8
validation	15	16	high_weight_first	cross	1935	1935	1
validation	15	16	high_weight_first	cross	1935	242	8
validation	15	16	high_weight_first	high	3870	3870	1
validation	15	16	high_weight_first	high	3870	484	8
validation	15	64	affine	low	240	240	1
validation	15	64	affine	low	240	30	8
validation	15	64	affine	cross	481	481	1
validation	15	64	affine	cross	481	60	8
validation	15	64	affine	high	962	962	1
validation	15	64	affine	high	962	120	8
validation	15	64	low_weight_first	low	240	240	1
validation	15	64	low_weight_first	low	240	30	8
validation	15	64	low_weight_first	cross	481	481	1
validation	15	64	low_weight_first	cross	481	60	8
validation	15	64	low_weight_first	high	962	962	1
validation	15	64	low_weight_first	high	962	120	8
validation	15	64	high_weight_first	low	240	240	1
validation	15	64	high_weight_first	low	240	30	8
validation	15	64	high_weight_first	cross	481	481	1
validation	15	64	high_weight_first	cross	481	60	8
validation	15	64	high_weight_first	high	962	962	1
validation	15	64	high_weight_first	high	962	120	8
