split	n	k	density	schedule	query_load	reuse	checksum_pascal	checksum_direct	checksum_generic	mismatch_pascal	mismatch_generic	pascal_zeta_xors	direct_term_tests	generic_term_tests	query_lookups	coefficient_bytes	materialized_table_bytes	anf_semantic_bits	pairwise_token_comparisons	w_pascal	w_direct	w_generic	delta_direct	delta_generic	semantics
development	9	512	4	affine	16	1	9579638502478953847	9579638502478953847	9579638502478953847	0	0	2304	512	16384	16	512	512	2120	0	2320	512	16400	-1808	14080	tdi21-pascal-p3-v1
development	9	512	4	affine	16	8	15255241692018427877	15255241692018427877	15255241692018427877	0	0	2304	4096	16384	128	512	512	2120	0	2432	4096	16512	1664	14080	tdi21-pascal-p3-v1
development	9	512	4	affine	64	1	15120674686917933011	15120674686917933011	15120674686917933011	0	0	2304	2048	16384	64	512	512	2120	0	2368	2048	16448	-320	14080	tdi21-pascal-p3-v1
development	9	512	4	affine	64	8	5324387159005075269	5324387159005075269	5324387159005075269	0	0	2304	16384	16384	512	512	512	2120	0	2816	16384	16896	13568	14080	tdi21-pascal-p3-v1
development	9	512	4	affine	512	1	14684334580727857469	14684334580727857469	14684334580727857469	0	0	2304	16384	16384	512	512	512	2120	0	2816	16384	16896	13568	14080	tdi21-pascal-p3-v1
development	9	512	4	affine	512	8	9298298126335865573	9298298126335865573	9298298126335865573	0	0	2304	131072	16384	4096	512	512	2120	0	6400	131072	20480	124672	14080	tdi21-pascal-p3-v1
development	9	512	4	low_weight_first	16	1	16808977519932384799	16808977519932384799	16808977519932384799	0	0	2304	512	16384	16	512	512	2120	0	2320	512	16400	-1808	14080	tdi21-pascal-p3-v1
development	9	512	4	low_weight_first	16	8	4119954304365053589	4119954304365053589	4119954304365053589	0	0	2304	4096	16384	128	512	512	2120	0	2432	4096	16512	1664	14080	tdi21-pascal-p3-v1
development	9	512	4	low_weight_first	64	1	6018714672300511767	6018714672300511767	6018714672300511767	0	0	2304	2048	16384	64	512	512	2120	0	2368	2048	16448	-320	14080	tdi21-pascal-p3-v1
development	9	512	4	low_weight_first	64	8	9892839103779304965	9892839103779304965	9892839103779304965	0	0	2304	16384	16384	512	512	512	2120	0	2816	16384	16896	13568	14080	tdi21-pascal-p3-v1
development	9	512	4	low_weight_first	512	1	2808365987587296865	2808365987587296865	2808365987587296865	0	0	2304	16384	16384	512	512	512	2120	0	2816	16384	16896	13568	14080	tdi21-pascal-p3-v1
development	9	512	4	low_weight_first	512	8	3654216963473053893	3654216963473053893	3654216963473053893	0	0	2304	131072	16384	4096	512	512	2120	0	6400	131072	20480	124672	14080	tdi21-pascal-p3-v1
development	9	512	4	high_weight_first	16	1	14203201528388583177	14203201528388583177	14203201528388583177	0	0	2304	512	16384	16	512	512	2120	0	2320	512	16400	-1808	14080	tdi21-pascal-p3-v1
development	9	512	4	high_weight_first	16	8	3290661719374660293	3290661719374660293	3290661719374660293	0	0	2304	4096	16384	128	512	512	2120	0	2432	4096	16512	1664	14080	tdi21-pascal-p3-v1
development	9	512	4	high_weight_first	64	1	16791337472142344568	16791337472142344568	16791337472142344568	0	0	2304	2048	16384	64	512	512	2120	0	2368	2048	16448	-320	14080	tdi21-pascal-p3-v1
development	9	512	4	high_weight_first	64	8	12725840820172230037	12725840820172230037	12725840820172230037	0	0	2304	16384	16384	512	512	512	2120	0	2816	16384	16896	13568	14080	tdi21-pascal-p3-v1
development	9	512	4	high_weight_first	512	1	11373528420643588621	11373528420643588621	11373528420643588621	0	0	2304	16384	16384	512	512	512	2120	0	2816	16384	16896	13568	14080	tdi21-pascal-p3-v1
development	9	512	4	high_weight_first	512	8	16438279619458096741	16438279619458096741	16438279619458096741	0	0	2304	131072	16384	4096	512	512	2120	0	6400	131072	20480	124672	14080	tdi21-pascal-p3-v1
development	9	512	32	affine	16	1	14652772716635456026	14652772716635456026	14652772716635456026	0	0	2304	4096	131072	16	512	512	16456	0	2320	4096	131088	1776	128768	tdi21-pascal-p3-v1
development	9	512	32	affine	16	8	5961621441716393093	5961621441716393093	5961621441716393093	0	0	2304	32768	131072	128	512	512	16456	0	2432	32768	131200	30336	128768	tdi21-pascal-p3-v1
development	9	512	32	affine	64	1	7730297780795113557	7730297780795113557	7730297780795113557	0	0	2304	16384	131072	64	512	512	16456	0	2368	16384	131136	14016	128768	tdi21-pascal-p3-v1
development	9	512	32	affine	64	8	1617587052458443941	1617587052458443941	1617587052458443941	0	0	2304	131072	131072	512	512	512	16456	0	2816	131072	131584	128256	128768	tdi21-pascal-p3-v1
development	9	512	32	affine	512	1	12476156458543230789	12476156458543230789	12476156458543230789	0	0	2304	131072	131072	512	512	512	16456	0	2816	131072	131584	128256	128768	tdi21-pascal-p3-v1
development	9	512	32	affine	512	8	8333118425547111973	8333118425547111973	8333118425547111973	0	0	2304	1048576	131072	4096	512	512	16456	0	6400	1048576	135168	1042176	128768	tdi21-pascal-p3-v1
development	9	512	32	low_weight_first	16	1	1671892020362865222	1671892020362865222	1671892020362865222	0	0	2304	4096	131072	16	512	512	16456	0	2320	4096	131088	1776	128768	tdi21-pascal-p3-v1
development	9	512	32	low_weight_first	16	8	8161562004775580741	8161562004775580741	8161562004775580741	0	0	2304	32768	131072	128	512	512	16456	0	2432	32768	131200	30336	128768	tdi21-pascal-p3-v1
development	9	512	32	low_weight_first	64	1	6539109494771587993	6539109494771587993	6539109494771587993	0	0	2304	16384	131072	64	512	512	16456	0	2368	16384	131136	14016	128768	tdi21-pascal-p3-v1
development	9	512	32	low_weight_first	64	8	2199484085073631909	2199484085073631909	2199484085073631909	0	0	2304	131072	131072	512	512	512	16456	0	2816	131072	131584	128256	128768	tdi21-pascal-p3-v1
development	9	512	32	low_weight_first	512	1	8126131813848112779	8126131813848112779	8126131813848112779	0	0	2304	131072	131072	512	512	512	16456	0	2816	131072	131584	128256	128768	tdi21-pascal-p3-v1
development	9	512	32	low_weight_first	512	8	10727783927085661621	10727783927085661621	10727783927085661621	0	0	2304	1048576	131072	4096	512	512	16456	0	6400	1048576	135168	1042176	128768	tdi21-pascal-p3-v1
development	9	512	32	high_weight_first	16	1	12331853916241975836	12331853916241975836	12331853916241975836	0	0	2304	4096	131072	16	512	512	16456	0	2320	4096	131088	1776	128768	tdi21-pascal-p3-v1
development	9	512	32	high_weight_first	16	8	18366632071545638293	18366632071545638293	18366632071545638293	0	0	2304	32768	131072	128	512	512	16456	0	2432	32768	131200	30336	128768	tdi21-pascal-p3-v1
development	9	512	32	high_weight_first	64	1	775479002458454384	775479002458454384	775479002458454384	0	0	2304	16384	131072	64	512	512	16456	0	2368	16384	131136	14016	128768	tdi21-pascal-p3-v1
development	9	512	32	high_weight_first	64	8	8438761593159209989	8438761593159209989	8438761593159209989	0	0	2304	131072	131072	512	512	512	16456	0	2816	131072	131584	128256	128768	tdi21-pascal-p3-v1
development	9	512	32	high_weight_first	512	1	16496035133193156061	16496035133193156061	16496035133193156061	0	0	2304	131072	131072	512	512	512	16456	0	2816	131072	131584	128256	128768	tdi21-pascal-p3-v1
development	9	512	32	high_weight_first	512	8	13492295836261511781	13492295836261511781	13492295836261511781	0	0	2304	1048576	131072	4096	512	512	16456	0	6400	1048576	135168	1042176	128768	tdi21-pascal-p3-v1
development	9	512	256	affine	16	1	4701962636012684668	4701962636012684668	4701962636012684668	0	0	2304	32768	1048576	16	512	512	131144	0	2320	32768	1048592	30448	1046272	tdi21-pascal-p3-v1
development	9	512	256	affine	16	8	7526006123071940629	7526006123071940629	7526006123071940629	0	0	2304	262144	1048576	128	512	512	131144	0	2432	262144	1048704	259712	1046272	tdi21-pascal-p3-v1
development	9	512	256	affine	64	1	8983229812254407555	8983229812254407555	8983229812254407555	0	0	2304	131072	1048576	64	512	512	131144	0	2368	131072	1048640	128704	1046272	tdi21-pascal-p3-v1
development	9	512	256	affine	64	8	6197979699524918021	6197979699524918021	6197979699524918021	0	0	2304	1048576	1048576	512	512	512	131144	0	2816	1048576	1049088	1045760	1046272	tdi21-pascal-p3-v1
development	9	512	256	affine	512	1	3898366484838301013	3898366484838301013	3898366484838301013	0	0	2304	1048576	1048576	512	512	512	131144	0	2816	1048576	1049088	1045760	1046272	tdi21-pascal-p3-v1
development	9	512	256	affine	512	8	766272062352895653	766272062352895653	766272062352895653	0	0	2304	8388608	1048576	4096	512	512	131144	0	6400	8388608	1052672	8382208	1046272	tdi21-pascal-p3-v1
development	9	512	256	low_weight_first	16	1	3773622759359956155	3773622759359956155	3773622759359956155	0	0	2304	32768	1048576	16	512	512	131144	0	2320	32768	1048592	30448	1046272	tdi21-pascal-p3-v1
development	9	512	256	low_weight_first	16	8	4860432448590400821	4860432448590400821	4860432448590400821	0	0	2304	262144	1048576	128	512	512	131144	0	2432	262144	1048704	259712	1046272	tdi21-pascal-p3-v1
development	9	512	256	low_weight_first	64	1	10422741433382235405	10422741433382235405	10422741433382235405	0	0	2304	131072	1048576	64	512	512	131144	0	2368	131072	1048640	128704	1046272	tdi21-pascal-p3-v1
development	9	512	256	low_weight_first	64	8	7022694759593280997	7022694759593280997	7022694759593280997	0	0	2304	1048576	1048576	512	512	512	131144	0	2816	1048576	1049088	1045760	1046272	tdi21-pascal-p3-v1
development	9	512	256	low_weight_first	512	1	9594316966940389633	9594316966940389633	9594316966940389633	0	0	2304	1048576	1048576	512	512	512	131144	0	2816	1048576	1049088	1045760	1046272	tdi21-pascal-p3-v1
development	9	512	256	low_weight_first	512	8	13191567731831586949	13191567731831586949	13191567731831586949	0	0	2304	8388608	1048576	4096	512	512	131144	0	6400	8388608	1052672	8382208	1046272	tdi21-pascal-p3-v1
development	9	512	256	high_weight_first	16	1	1451577871410193627	1451577871410193627	1451577871410193627	0	0	2304	32768	1048576	16	512	512	131144	0	2320	32768	1048592	30448	1046272	tdi21-pascal-p3-v1
development	9	512	256	high_weight_first	16	8	9584911698124917493	9584911698124917493	9584911698124917493	0	0	2304	262144	1048576	128	512	512	131144	0	2432	262144	1048704	259712	1046272	tdi21-pascal-p3-v1
development	9	512	256	high_weight_first	64	1	7425486052109771176	7425486052109771176	7425486052109771176	0	0	2304	131072	1048576	64	512	512	131144	0	2368	131072	1048640	128704	1046272	tdi21-pascal-p3-v1
development	9	512	256	high_weight_first	64	8	799797949279898485	799797949279898485	799797949279898485	0	0	2304	1048576	1048576	512	512	512	131144	0	2816	1048576	1049088	1045760	1046272	tdi21-pascal-p3-v1
development	9	512	256	high_weight_first	512	1	3150919020243490171	3150919020243490171	3150919020243490171	0	0	2304	1048576	1048576	512	512	512	131144	0	2816	1048576	1049088	1045760	1046272	tdi21-pascal-p3-v1
development	9	512	256	high_weight_first	512	8	2472673174037462261	2472673174037462261	2472673174037462261	0	0	2304	8388608	1048576	4096	512	512	131144	0	6400	8388608	1052672	8382208	1046272	tdi21-pascal-p3-v1
development	11	2048	4	affine	16	1	10745667357943962447	10745667357943962447	10745667357943962447	0	0	11264	512	65536	16	2048	2048	2120	0	11280	512	65552	-10768	54272	tdi21-pascal-p3-v1
development	11	2048	4	affine	16	8	13715339068132271365	13715339068132271365	13715339068132271365	0	0	11264	4096	65536	128	2048	2048	2120	0	11392	4096	65664	-7296	54272	tdi21-pascal-p3-v1
development	11	2048	4	affine	64	1	15201173245134899511	15201173245134899511	15201173245134899511	0	0	11264	2048	65536	64	2048	2048	2120	0	11328	2048	65600	-9280	54272	tdi21-pascal-p3-v1
development	11	2048	4	affine	64	8	6606793656678039557	6606793656678039557	6606793656678039557	0	0	11264	16384	65536	512	2048	2048	2120	0	11776	16384	66048	4608	54272	tdi21-pascal-p3-v1
development	11	2048	4	affine	2048	1	16435867239978652821	16435867239978652821	16435867239978652821	0	0	11264	65536	65536	2048	2048	2048	2120	0	13312	65536	67584	52224	54272	tdi21-pascal-p3-v1
development	11	2048	4	affine	2048	8	18436785554051044773	18436785554051044773	18436785554051044773	0	0	11264	524288	65536	16384	2048	2048	2120	0	27648	524288	81920	496640	54272	tdi21-pascal-p3-v1
development	11	2048	4	low_weight_first	16	1	4103299264080829763	4103299264080829763	4103299264080829763	0	0	11264	512	65536	16	2048	2048	2120	0	11280	512	65552	-10768	54272	tdi21-pascal-p3-v1
development	11	2048	4	low_weight_first	16	8	18260173150207870997	18260173150207870997	18260173150207870997	0	0	11264	4096	65536	128	2048	2048	2120	0	11392	4096	65664	-7296	54272	tdi21-pascal-p3-v1
development	11	2048	4	low_weight_first	64	1	9942951970642449635	9942951970642449635	9942951970642449635	0	0	11264	2048	65536	64	2048	2048	2120	0	11328	2048	65600	-9280	54272	tdi21-pascal-p3-v1
development	11	2048	4	low_weight_first	64	8	5838171813654975749	5838171813654975749	5838171813654975749	0	0	11264	16384	65536	512	2048	2048	2120	0	11776	16384	66048	4608	54272	tdi21-pascal-p3-v1
development	11	2048	4	low_weight_first	2048	1	7891777731675914097	7891777731675914097	7891777731675914097	0	0	11264	65536	65536	2048	2048	2048	2120	0	13312	65536	67584	52224	54272	tdi21-pascal-p3-v1
development	11	2048	4	low_weight_first	2048	8	6801265739760768325	6801265739760768325	6801265739760768325	0	0	11264	524288	65536	16384	2048	2048	2120	0	27648	524288	81920	496640	54272	tdi21-pascal-p3-v1
development	11	2048	4	high_weight_first	16	1	17085241432234482582	17085241432234482582	17085241432234482582	0	0	11264	512	65536	16	2048	2048	2120	0	11280	512	65552	-10768	54272	tdi21-pascal-p3-v1
development	11	2048	4	high_weight_first	16	8	9040468230741566965	9040468230741566965	9040468230741566965	0	0	11264	4096	65536	128	2048	2048	2120	0	11392	4096	65664	-7296	54272	tdi21-pascal-p3-v1
development	11	2048	4	high_weight_first	64	1	16499821603985335017	16499821603985335017	16499821603985335017	0	0	11264	2048	65536	64	2048	2048	2120	0	11328	2048	65600	-9280	54272	tdi21-pascal-p3-v1
development	11	2048	4	high_weight_first	64	8	21694953856348293	21694953856348293	21694953856348293	0	0	11264	16384	65536	512	2048	2048	2120	0	11776	16384	66048	4608	54272	tdi21-pascal-p3-v1
development	11	2048	4	high_weight_first	2048	1	9497444256694884233	9497444256694884233	9497444256694884233	0	0	11264	65536	65536	2048	2048	2048	2120	0	13312	65536	67584	52224	54272	tdi21-pascal-p3-v1
development	11	2048	4	high_weight_first	2048	8	7616794049156222469	7616794049156222469	7616794049156222469	0	0	11264	524288	65536	16384	2048	2048	2120	0	27648	524288	81920	496640	54272	tdi21-pascal-p3-v1
development	11	2048	32	affine	16	1	9242637262744189985	9242637262744189985	9242637262744189985	0	0	11264	4096	524288	16	2048	2048	16456	0	11280	4096	524304	-7184	513024	tdi21-pascal-p3-v1
development	11	2048	32	affine	16	8	772805795955460325	772805795955460325	772805795955460325	0	0	11264	32768	524288	128	2048	2048	16456	0	11392	32768	524416	21376	513024	tdi21-pascal-p3-v1
development	11	2048	32	affine	64	1	5169510542804551918	5169510542804551918	5169510542804551918	0	0	11264	16384	524288	64	2048	2048	16456	0	11328	16384	524352	5056	513024	tdi21-pascal-p3-v1
development	11	2048	32	affine	64	8	10278023649802299909	10278023649802299909	10278023649802299909	0	0	11264	131072	524288	512	2048	2048	16456	0	11776	131072	524800	119296	513024	tdi21-pascal-p3-v1
development	11	2048	32	affine	2048	1	16936478352052250893	16936478352052250893	16936478352052250893	0	0	11264	524288	524288	2048	2048	2048	16456	0	13312	524288	526336	510976	513024	tdi21-pascal-p3-v1
development	11	2048	32	affine	2048	8	12036773149569244773	12036773149569244773	12036773149569244773	0	0	11264	4194304	524288	16384	2048	2048	16456	0	27648	4194304	540672	4166656	513024	tdi21-pascal-p3-v1
development	11	2048	32	low_weight_first	16	1	12520909301326382257	12520909301326382257	12520909301326382257	0	0	11264	4096	524288	16	2048	2048	16456	0	11280	4096	524304	-7184	513024	tdi21-pascal-p3-v1
development	11	2048	32	low_weight_first	16	8	12068247442160782661	12068247442160782661	12068247442160782661	0	0	11264	32768	524288	128	2048	2048	16456	0	11392	32768	524416	21376	513024	tdi21-pascal-p3-v1
development	11	2048	32	low_weight_first	64	1	9723935814296762868	9723935814296762868	9723935814296762868	0	0	11264	16384	524288	64	2048	2048	16456	0	11328	16384	524352	5056	513024	tdi21-pascal-p3-v1
development	11	2048	32	low_weight_first	64	8	17381099802043984645	17381099802043984645	17381099802043984645	0	0	11264	131072	524288	512	2048	2048	16456	0	11776	131072	524800	119296	513024	tdi21-pascal-p3-v1
development	11	2048	32	low_weight_first	2048	1	7128873461799270473	7128873461799270473	7128873461799270473	0	0	11264	524288	524288	2048	2048	2048	16456	0	13312	524288	526336	510976	513024	tdi21-pascal-p3-v1
development	11	2048	32	low_weight_first	2048	8	12320194887256832005	12320194887256832005	12320194887256832005	0	0	11264	4194304	524288	16384	2048	2048	16456	0	27648	4194304	540672	4166656	513024	tdi21-pascal-p3-v1
development	11	2048	32	high_weight_first	16	1	6145409423238963690	6145409423238963690	6145409423238963690	0	0	11264	4096	524288	16	2048	2048	16456	0	11280	4096	524304	-7184	513024	tdi21-pascal-p3-v1
development	11	2048	32	high_weight_first	16	8	16119904889717288261	16119904889717288261	16119904889717288261	0	0	11264	32768	524288	128	2048	2048	16456	0	11392	32768	524416	21376	513024	tdi21-pascal-p3-v1
development	11	2048	32	high_weight_first	64	1	937432672363711985	937432672363711985	937432672363711985	0	0	11264	16384	524288	64	2048	2048	16456	0	11328	16384	524352	5056	513024	tdi21-pascal-p3-v1
development	11	2048	32	high_weight_first	64	8	11870179834606824645	11870179834606824645	11870179834606824645	0	0	11264	131072	524288	512	2048	2048	16456	0	11776	131072	524800	119296	513024	tdi21-pascal-p3-v1
development	11	2048	32	high_weight_first	2048	1	17982391499842704973	17982391499842704973	17982391499842704973	0	0	11264	524288	524288	2048	2048	2048	16456	0	13312	524288	526336	510976	513024	tdi21-pascal-p3-v1
development	11	2048	32	high_weight_first	2048	8	4660527270932380261	4660527270932380261	4660527270932380261	0	0	11264	4194304	524288	16384	2048	2048	16456	0	27648	4194304	540672	4166656	513024	tdi21-pascal-p3-v1
development	11	2048	256	affine	16	1	12388090036742237968	12388090036742237968	12388090036742237968	0	0	11264	32768	4194304	16	2048	2048	131144	0	11280	32768	4194320	21488	4183040	tdi21-pascal-p3-v1
development	11	2048	256	affine	16	8	16872214947467180821	16872214947467180821	16872214947467180821	0	0	11264	262144	4194304	128	2048	2048	131144	0	11392	262144	4194432	250752	4183040	tdi21-pascal-p3-v1
development	11	2048	256	affine	64	1	16219402085389851067	16219402085389851067	16219402085389851067	0	0	11264	131072	4194304	64	2048	2048	131144	0	11328	131072	4194368	119744	4183040	tdi21-pascal-p3-v1
development	11	2048	256	affine	64	8	7787816730426271365	7787816730426271365	7787816730426271365	0	0	11264	1048576	4194304	512	2048	2048	131144	0	11776	1048576	4194816	1036800	4183040	tdi21-pascal-p3-v1
development	11	2048	256	affine	2048	1	14355890098630408973	14355890098630408973	14355890098630408973	0	0	11264	4194304	4194304	2048	2048	2048	131144	0	13312	4194304	4196352	4180992	4183040	tdi21-pascal-p3-v1
development	11	2048	256	affine	2048	8	9327862498225344869	9327862498225344869	9327862498225344869	0	0	11264	33554432	4194304	16384	2048	2048	131144	0	27648	33554432	4210688	33526784	4183040	tdi21-pascal-p3-v1
development	11	2048	256	low_weight_first	16	1	15617416575880346812	15617416575880346812	15617416575880346812	0	0	11264	32768	4194304	16	2048	2048	131144	0	11280	32768	4194320	21488	4183040	tdi21-pascal-p3-v1
development	11	2048	256	low_weight_first	16	8	17220063104127853557	17220063104127853557	17220063104127853557	0	0	11264	262144	4194304	128	2048	2048	131144	0	11392	262144	4194432	250752	4183040	tdi21-pascal-p3-v1
development	11	2048	256	low_weight_first	64	1	2561902848409161920	2561902848409161920	2561902848409161920	0	0	11264	131072	4194304	64	2048	2048	131144	0	11328	131072	4194368	119744	4183040	tdi21-pascal-p3-v1
development	11	2048	256	low_weight_first	64	8	2702503285921424197	2702503285921424197	2702503285921424197	0	0	11264	1048576	4194304	512	2048	2048	131144	0	11776	1048576	4194816	1036800	4183040	tdi21-pascal-p3-v1
development	11	2048	256	low_weight_first	2048	1	16917914257478540081	16917914257478540081	16917914257478540081	0	0	11264	4194304	4194304	2048	2048	2048	131144	0	13312	4194304	4196352	4180992	4183040	tdi21-pascal-p3-v1
development	11	2048	256	low_weight_first	2048	8	465359578406644229	465359578406644229	465359578406644229	0	0	11264	33554432	4194304	16384	2048	2048	131144	0	27648	33554432	4210688	33526784	4183040	tdi21-pascal-p3-v1
development	11	2048	256	high_weight_first	16	1	247356386910952952	247356386910952952	247356386910952952	0	0	11264	32768	4194304	16	2048	2048	131144	0	11280	32768	4194320	21488	4183040	tdi21-pascal-p3-v1
development	11	2048	256	high_weight_first	16	8	782968511336669493	782968511336669493	782968511336669493	0	0	11264	262144	4194304	128	2048	2048	131144	0	11392	262144	4194432	250752	4183040	tdi21-pascal-p3-v1
development	11	2048	256	high_weight_first	64	1	17013514458943294466	17013514458943294466	17013514458943294466	0	0	11264	131072	4194304	64	2048	2048	131144	0	11328	131072	4194368	119744	4183040	tdi21-pascal-p3-v1
development	11	2048	256	high_weight_first	64	8	10016194197370694197	10016194197370694197	10016194197370694197	0	0	11264	1048576	4194304	512	2048	2048	131144	0	11776	1048576	4194816	1036800	4183040	tdi21-pascal-p3-v1
development	11	2048	256	high_weight_first	2048	1	7739658818248938787	7739658818248938787	7739658818248938787	0	0	11264	4194304	4194304	2048	2048	2048	131144	0	13312	4194304	4196352	4180992	4183040	tdi21-pascal-p3-v1
development	11	2048	256	high_weight_first	2048	8	15070811605460743445	15070811605460743445	15070811605460743445	0	0	11264	33554432	4194304	16384	2048	2048	131144	0	27648	33554432	4210688	33526784	4183040	tdi21-pascal-p3-v1
validation	13	8192	4	affine	16	1	10745667357943962447	10745667357943962447	10745667357943962447	0	0	53248	512	262144	16	8192	8192	2120	0	53264	512	262160	-52752	208896	tdi21-pascal-p3-v1
validation	13	8192	4	affine	16	8	13715339068132271365	13715339068132271365	13715339068132271365	0	0	53248	4096	262144	128	8192	8192	2120	0	53376	4096	262272	-49280	208896	tdi21-pascal-p3-v1
validation	13	8192	4	affine	64	1	1548937661776922935	1548937661776922935	1548937661776922935	0	0	53248	2048	262144	64	8192	8192	2120	0	53312	2048	262208	-51264	208896	tdi21-pascal-p3-v1
validation	13	8192	4	affine	64	8	9406512318685724677	9406512318685724677	9406512318685724677	0	0	53248	16384	262144	512	8192	8192	2120	0	53760	16384	262656	-37376	208896	tdi21-pascal-p3-v1
validation	13	8192	4	affine	8192	1	10268305728831567973	10268305728831567973	10268305728831567973	0	0	53248	262144	262144	8192	8192	8192	2120	0	61440	262144	270336	200704	208896	tdi21-pascal-p3-v1
validation	13	8192	4	affine	8192	8	13986048652567419173	13986048652567419173	13986048652567419173	0	0	53248	2097152	262144	65536	8192	8192	2120	0	118784	2097152	327680	1978368	208896	tdi21-pascal-p3-v1
validation	13	8192	4	low_weight_first	16	1	17671199848541156488	17671199848541156488	17671199848541156488	0	0	53248	512	262144	16	8192	8192	2120	0	53264	512	262160	-52752	208896	tdi21-pascal-p3-v1
validation	13	8192	4	low_weight_first	16	8	4564429089973549637	4564429089973549637	4564429089973549637	0	0	53248	4096	262144	128	8192	8192	2120	0	53376	4096	262272	-49280	208896	tdi21-pascal-p3-v1
validation	13	8192	4	low_weight_first	64	1	14836041025255034423	14836041025255034423	14836041025255034423	0	0	53248	2048	262144	64	8192	8192	2120	0	53312	2048	262208	-51264	208896	tdi21-pascal-p3-v1
validation	13	8192	4	low_weight_first	64	8	8313124873223379781	8313124873223379781	8313124873223379781	0	0	53248	16384	262144	512	8192	8192	2120	0	53760	16384	262656	-37376	208896	tdi21-pascal-p3-v1
validation	13	8192	4	low_weight_first	8192	1	7231159009190865317	7231159009190865317	7231159009190865317	0	0	53248	262144	262144	8192	8192	8192	2120	0	61440	262144	270336	200704	208896	tdi21-pascal-p3-v1
validation	13	8192	4	low_weight_first	8192	8	2937878878212007717	2937878878212007717	2937878878212007717	0	0	53248	2097152	262144	65536	8192	8192	2120	0	118784	2097152	327680	1978368	208896	tdi21-pascal-p3-v1
validation	13	8192	4	high_weight_first	16	1	15018047777959921778	15018047777959921778	15018047777959921778	0	0	53248	512	262144	16	8192	8192	2120	0	53264	512	262160	-52752	208896	tdi21-pascal-p3-v1
validation	13	8192	4	high_weight_first	16	8	6826741889598335989	6826741889598335989	6826741889598335989	0	0	53248	4096	262144	128	8192	8192	2120	0	53376	4096	262272	-49280	208896	tdi21-pascal-p3-v1
validation	13	8192	4	high_weight_first	64	1	7890838693741864373	7890838693741864373	7890838693741864373	0	0	53248	2048	262144	64	8192	8192	2120	0	53312	2048	262208	-51264	208896	tdi21-pascal-p3-v1
validation	13	8192	4	high_weight_first	64	8	14215730315995275173	14215730315995275173	14215730315995275173	0	0	53248	16384	262144	512	8192	8192	2120	0	53760	16384	262656	-37376	208896	tdi21-pascal-p3-v1
validation	13	8192	4	high_weight_first	8192	1	3105940880017469221	3105940880017469221	3105940880017469221	0	0	53248	262144	262144	8192	8192	8192	2120	0	61440	262144	270336	200704	208896	tdi21-pascal-p3-v1
validation	13	8192	4	high_weight_first	8192	8	16531149613556204325	16531149613556204325	16531149613556204325	0	0	53248	2097152	262144	65536	8192	8192	2120	0	118784	2097152	327680	1978368	208896	tdi21-pascal-p3-v1
validation	13	8192	32	affine	16	1	15738593639704280052	15738593639704280052	15738593639704280052	0	0	53248	4096	2097152	16	8192	8192	16456	0	53264	4096	2097168	-49168	2043904	tdi21-pascal-p3-v1
validation	13	8192	32	affine	16	8	2412176636639532805	2412176636639532805	2412176636639532805	0	0	53248	32768	2097152	128	8192	8192	16456	0	53376	32768	2097280	-20608	2043904	tdi21-pascal-p3-v1
validation	13	8192	32	affine	64	1	5242653246038632068	5242653246038632068	5242653246038632068	0	0	53248	16384	2097152	64	8192	8192	16456	0	53312	16384	2097216	-36928	2043904	tdi21-pascal-p3-v1
validation	13	8192	32	affine	64	8	6447112300206702853	6447112300206702853	6447112300206702853	0	0	53248	131072	2097152	512	8192	8192	16456	0	53760	131072	2097664	77312	2043904	tdi21-pascal-p3-v1
validation	13	8192	32	affine	8192	1	15334041121949065269	15334041121949065269	15334041121949065269	0	0	53248	2097152	2097152	8192	8192	8192	16456	0	61440	2097152	2105344	2035712	2043904	tdi21-pascal-p3-v1
validation	13	8192	32	affine	8192	8	680471009924013477	680471009924013477	680471009924013477	0	0	53248	16777216	2097152	65536	8192	8192	16456	0	118784	16777216	2162688	16658432	2043904	tdi21-pascal-p3-v1
validation	13	8192	32	low_weight_first	16	1	17671199848541156488	17671199848541156488	17671199848541156488	0	0	53248	4096	2097152	16	8192	8192	16456	0	53264	4096	2097168	-49168	2043904	tdi21-pascal-p3-v1
validation	13	8192	32	low_weight_first	16	8	4564429089973549637	4564429089973549637	4564429089973549637	0	0	53248	32768	2097152	128	8192	8192	16456	0	53376	32768	2097280	-20608	2043904	tdi21-pascal-p3-v1
validation	13	8192	32	low_weight_first	64	1	3686012480974618576	3686012480974618576	3686012480974618576	0	0	53248	16384	2097152	64	8192	8192	16456	0	53312	16384	2097216	-36928	2043904	tdi21-pascal-p3-v1
validation	13	8192	32	low_weight_first	64	8	5398055013658439589	5398055013658439589	5398055013658439589	0	0	53248	131072	2097152	512	8192	8192	16456	0	53760	131072	2097664	77312	2043904	tdi21-pascal-p3-v1
validation	13	8192	32	low_weight_first	8192	1	13507543475454674681	13507543475454674681	13507543475454674681	0	0	53248	2097152	2097152	8192	8192	8192	16456	0	61440	2097152	2105344	2035712	2043904	tdi21-pascal-p3-v1
validation	13	8192	32	low_weight_first	8192	8	8747391925735596677	8747391925735596677	8747391925735596677	0	0	53248	16777216	2097152	65536	8192	8192	16456	0	118784	16777216	2162688	16658432	2043904	tdi21-pascal-p3-v1
validation	13	8192	32	high_weight_first	16	1	1423695107445039335	1423695107445039335	1423695107445039335	0	0	53248	4096	2097152	16	8192	8192	16456	0	53264	4096	2097168	-49168	2043904	tdi21-pascal-p3-v1
validation	13	8192	32	high_weight_first	16	8	1458664052883874853	1458664052883874853	1458664052883874853	0	0	53248	32768	2097152	128	8192	8192	16456	0	53376	32768	2097280	-20608	2043904	tdi21-pascal-p3-v1
validation	13	8192	32	high_weight_first	64	1	14651924015056930187	14651924015056930187	14651924015056930187	0	0	53248	16384	2097152	64	8192	8192	16456	0	53312	16384	2097216	-36928	2043904	tdi21-pascal-p3-v1
validation	13	8192	32	high_weight_first	64	8	2089715120147829893	2089715120147829893	2089715120147829893	0	0	53248	131072	2097152	512	8192	8192	16456	0	53760	131072	2097664	77312	2043904	tdi21-pascal-p3-v1
validation	13	8192	32	high_weight_first	8192	1	14907594843492834345	14907594843492834345	14907594843492834345	0	0	53248	2097152	2097152	8192	8192	8192	16456	0	61440	2097152	2105344	2035712	2043904	tdi21-pascal-p3-v1
validation	13	8192	32	high_weight_first	8192	8	12120285129476349253	12120285129476349253	12120285129476349253	0	0	53248	16777216	2097152	65536	8192	8192	16456	0	118784	16777216	2162688	16658432	2043904	tdi21-pascal-p3-v1
validation	13	8192	256	affine	16	1	12327481460501795271	12327481460501795271	12327481460501795271	0	0	53248	32768	16777216	16	8192	8192	131144	0	53264	32768	16777232	-20496	16723968	tdi21-pascal-p3-v1
validation	13	8192	256	affine	16	8	3536565317628845509	3536565317628845509	3536565317628845509	0	0	53248	262144	16777216	128	8192	8192	131144	0	53376	262144	16777344	208768	16723968	tdi21-pascal-p3-v1
validation	13	8192	256	affine	64	1	438120298776332338	438120298776332338	438120298776332338	0	0	53248	131072	16777216	64	8192	8192	131144	0	53312	131072	16777280	77760	16723968	tdi21-pascal-p3-v1
validation	13	8192	256	affine	64	8	3985151711685218133	3985151711685218133	3985151711685218133	0	0	53248	1048576	16777216	512	8192	8192	131144	0	53760	1048576	16777728	994816	16723968	tdi21-pascal-p3-v1
validation	13	8192	256	affine	8192	1	14077872755259992737	14077872755259992737	14077872755259992737	0	0	53248	16777216	16777216	8192	8192	8192	131144	0	61440	16777216	16785408	16715776	16723968	tdi21-pascal-p3-v1
validation	13	8192	256	affine	8192	8	1584026518651815045	1584026518651815045	1584026518651815045	0	0	53248	134217728	16777216	65536	8192	8192	131144	0	118784	134217728	16842752	134098944	16723968	tdi21-pascal-p3-v1
validation	13	8192	256	low_weight_first	16	1	6895933054008677978	6895933054008677978	6895933054008677978	0	0	53248	32768	16777216	16	8192	8192	131144	0	53264	32768	16777232	-20496	16723968	tdi21-pascal-p3-v1
validation	13	8192	256	low_weight_first	16	8	7003547044505271509	7003547044505271509	7003547044505271509	0	0	53248	262144	16777216	128	8192	8192	131144	0	53376	262144	16777344	208768	16723968	tdi21-pascal-p3-v1
validation	13	8192	256	low_weight_first	64	1	16443851423708686032	16443851423708686032	16443851423708686032	0	0	53248	131072	16777216	64	8192	8192	131144	0	53312	131072	16777280	77760	16723968	tdi21-pascal-p3-v1
validation	13	8192	256	low_weight_first	64	8	4872001304180791429	4872001304180791429	4872001304180791429	0	0	53248	1048576	16777216	512	8192	8192	131144	0	53760	1048576	16777728	994816	16723968	tdi21-pascal-p3-v1
validation	13	8192	256	low_weight_first	8192	1	16758138539516795193	16758138539516795193	16758138539516795193	0	0	53248	16777216	16777216	8192	8192	8192	131144	0	61440	16777216	16785408	16715776	16723968	tdi21-pascal-p3-v1
validation	13	8192	256	low_weight_first	8192	8	2295385243583826885	2295385243583826885	2295385243583826885	0	0	53248	134217728	16777216	65536	8192	8192	131144	0	118784	134217728	16842752	134098944	16723968	tdi21-pascal-p3-v1
validation	13	8192	256	high_weight_first	16	1	11714928673249043227	11714928673249043227	11714928673249043227	0	0	53248	32768	16777216	16	8192	8192	131144	0	53264	32768	16777232	-20496	16723968	tdi21-pascal-p3-v1
validation	13	8192	256	high_weight_first	16	8	14622820178011489221	14622820178011489221	14622820178011489221	0	0	53248	262144	16777216	128	8192	8192	131144	0	53376	262144	16777344	208768	16723968	tdi21-pascal-p3-v1
validation	13	8192	256	high_weight_first	64	1	8813580489453873991	8813580489453873991	8813580489453873991	0	0	53248	131072	16777216	64	8192	8192	131144	0	53312	131072	16777280	77760	16723968	tdi21-pascal-p3-v1
validation	13	8192	256	high_weight_first	64	8	3756755832047391333	3756755832047391333	3756755832047391333	0	0	53248	1048576	16777216	512	8192	8192	131144	0	53760	1048576	16777728	994816	16723968	tdi21-pascal-p3-v1
validation	13	8192	256	high_weight_first	8192	1	4325489068029336475	4325489068029336475	4325489068029336475	0	0	53248	16777216	16777216	8192	8192	8192	131144	0	61440	16777216	16785408	16715776	16723968	tdi21-pascal-p3-v1
validation	13	8192	256	high_weight_first	8192	8	14427273559523947573	14427273559523947573	14427273559523947573	0	0	53248	134217728	16777216	65536	8192	8192	131144	0	118784	134217728	16842752	134098944	16723968	tdi21-pascal-p3-v1
validation	14	16384	4	affine	16	1	10745667357943962447	10745667357943962447	10745667357943962447	0	0	114688	512	524288	16	16384	16384	2120	0	114704	512	524304	-114192	409600	tdi21-pascal-p3-v1
validation	14	16384	4	affine	16	8	13715339068132271365	13715339068132271365	13715339068132271365	0	0	114688	4096	524288	128	16384	16384	2120	0	114816	4096	524416	-110720	409600	tdi21-pascal-p3-v1
validation	14	16384	4	affine	64	1	1548937661776922935	1548937661776922935	1548937661776922935	0	0	114688	2048	524288	64	16384	16384	2120	0	114752	2048	524352	-112704	409600	tdi21-pascal-p3-v1
validation	14	16384	4	affine	64	8	9406512318685724677	9406512318685724677	9406512318685724677	0	0	114688	16384	524288	512	16384	16384	2120	0	115200	16384	524800	-98816	409600	tdi21-pascal-p3-v1
validation	14	16384	4	affine	16384	1	12060948984265708965	12060948984265708965	12060948984265708965	0	0	114688	524288	524288	16384	16384	16384	2120	0	131072	524288	540672	393216	409600	tdi21-pascal-p3-v1
validation	14	16384	4	affine	16384	8	17862662612871221029	17862662612871221029	17862662612871221029	0	0	114688	4194304	524288	131072	16384	16384	2120	0	245760	4194304	655360	3948544	409600	tdi21-pascal-p3-v1
validation	14	16384	4	low_weight_first	16	1	3826774798501460817	3826774798501460817	3826774798501460817	0	0	114688	512	524288	16	16384	16384	2120	0	114704	512	524304	-114192	409600	tdi21-pascal-p3-v1
validation	14	16384	4	low_weight_first	16	8	11986270482243258629	11986270482243258629	11986270482243258629	0	0	114688	4096	524288	128	16384	16384	2120	0	114816	4096	524416	-110720	409600	tdi21-pascal-p3-v1
validation	14	16384	4	low_weight_first	64	1	12087719463815195985	12087719463815195985	12087719463815195985	0	0	114688	2048	524288	64	16384	16384	2120	0	114752	2048	524352	-112704	409600	tdi21-pascal-p3-v1
validation	14	16384	4	low_weight_first	64	8	10415621651363116101	10415621651363116101	10415621651363116101	0	0	114688	16384	524288	512	16384	16384	2120	0	115200	16384	524800	-98816	409600	tdi21-pascal-p3-v1
validation	14	16384	4	low_weight_first	16384	1	3639594677990681617	3639594677990681617	3639594677990681617	0	0	114688	524288	524288	16384	16384	16384	2120	0	131072	524288	540672	393216	409600	tdi21-pascal-p3-v1
validation	14	16384	4	low_weight_first	16384	8	10651803900961679045	10651803900961679045	10651803900961679045	0	0	114688	4194304	524288	131072	16384	16384	2120	0	245760	4194304	655360	3948544	409600	tdi21-pascal-p3-v1
validation	14	16384	4	high_weight_first	16	1	5657163761655792500	5657163761655792500	5657163761655792500	0	0	114688	512	524288	16	16384	16384	2120	0	114704	512	524304	-114192	409600	tdi21-pascal-p3-v1
validation	14	16384	4	high_weight_first	16	8	12061503588880706965	12061503588880706965	12061503588880706965	0	0	114688	4096	524288	128	16384	16384	2120	0	114816	4096	524416	-110720	409600	tdi21-pascal-p3-v1
validation	14	16384	4	high_weight_first	64	1	5658385635973610456	5658385635973610456	5658385635973610456	0	0	114688	2048	524288	64	16384	16384	2120	0	114752	2048	524352	-112704	409600	tdi21-pascal-p3-v1
validation	14	16384	4	high_weight_first	64	8	5250250360329164597	5250250360329164597	5250250360329164597	0	0	114688	16384	524288	512	16384	16384	2120	0	115200	16384	524800	-98816	409600	tdi21-pascal-p3-v1
validation	14	16384	4	high_weight_first	16384	1	14290753271336901877	14290753271336901877	14290753271336901877	0	0	114688	524288	524288	16384	16384	16384	2120	0	131072	524288	540672	393216	409600	tdi21-pascal-p3-v1
validation	14	16384	4	high_weight_first	16384	8	1218089330457333157	1218089330457333157	1218089330457333157	0	0	114688	4194304	524288	131072	16384	16384	2120	0	245760	4194304	655360	3948544	409600	tdi21-pascal-p3-v1
validation	14	16384	32	affine	16	1	15738593639704280052	15738593639704280052	15738593639704280052	0	0	114688	4096	4194304	16	16384	16384	16456	0	114704	4096	4194320	-110608	4079616	tdi21-pascal-p3-v1
validation	14	16384	32	affine	16	8	2412176636639532805	2412176636639532805	2412176636639532805	0	0	114688	32768	4194304	128	16384	16384	16456	0	114816	32768	4194432	-82048	4079616	tdi21-pascal-p3-v1
validation	14	16384	32	affine	64	1	5242653246038632068	5242653246038632068	5242653246038632068	0	0	114688	16384	4194304	64	16384	16384	16456	0	114752	16384	4194368	-98368	4079616	tdi21-pascal-p3-v1
validation	14	16384	32	affine	64	8	6447112300206702853	6447112300206702853	6447112300206702853	0	0	114688	131072	4194304	512	16384	16384	16456	0	115200	131072	4194816	15872	4079616	tdi21-pascal-p3-v1
validation	14	16384	32	affine	16384	1	4803067576784682821	4803067576784682821	4803067576784682821	0	0	114688	4194304	4194304	16384	16384	16384	16456	0	131072	4194304	4210688	4063232	4079616	tdi21-pascal-p3-v1
validation	14	16384	32	affine	16384	8	9529926718840874533	9529926718840874533	9529926718840874533	0	0	114688	33554432	4194304	131072	16384	16384	16456	0	245760	33554432	4325376	33308672	4079616	tdi21-pascal-p3-v1
validation	14	16384	32	low_weight_first	16	1	3826774798501460817	3826774798501460817	3826774798501460817	0	0	114688	4096	4194304	16	16384	16384	16456	0	114704	4096	4194320	-110608	4079616	tdi21-pascal-p3-v1
validation	14	16384	32	low_weight_first	16	8	11986270482243258629	11986270482243258629	11986270482243258629	0	0	114688	32768	4194304	128	16384	16384	16456	0	114816	32768	4194432	-82048	4079616	tdi21-pascal-p3-v1
validation	14	16384	32	low_weight_first	64	1	9981391876658906844	9981391876658906844	9981391876658906844	0	0	114688	16384	4194304	64	16384	16384	16456	0	114752	16384	4194368	-98368	4079616	tdi21-pascal-p3-v1
validation	14	16384	32	low_weight_first	64	8	18229986567843647477	18229986567843647477	18229986567843647477	0	0	114688	131072	4194304	512	16384	16384	16456	0	115200	131072	4194816	15872	4079616	tdi21-pascal-p3-v1
validation	14	16384	32	low_weight_first	16384	1	13289899783056538909	13289899783056538909	13289899783056538909	0	0	114688	4194304	4194304	16384	16384	16384	16456	0	131072	4194304	4210688	4063232	4079616	tdi21-pascal-p3-v1
validation	14	16384	32	low_weight_first	16384	8	12691954483408663269	12691954483408663269	12691954483408663269	0	0	114688	33554432	4194304	131072	16384	16384	16456	0	245760	33554432	4325376	33308672	4079616	tdi21-pascal-p3-v1
validation	14	16384	32	high_weight_first	16	1	3840194387473283226	3840194387473283226	3840194387473283226	0	0	114688	4096	4194304	16	16384	16384	16456	0	114704	4096	4194320	-110608	4079616	tdi21-pascal-p3-v1
validation	14	16384	32	high_weight_first	16	8	1320932025652863733	1320932025652863733	1320932025652863733	0	0	114688	32768	4194304	128	16384	16384	16456	0	114816	32768	4194432	-82048	4079616	tdi21-pascal-p3-v1
validation	14	16384	32	high_weight_first	64	1	14654065231481688875	14654065231481688875	14654065231481688875	0	0	114688	16384	4194304	64	16384	16384	16456	0	114752	16384	4194368	-98368	4079616	tdi21-pascal-p3-v1
validation	14	16384	32	high_weight_first	64	8	5792506920379033157	5792506920379033157	5792506920379033157	0	0	114688	131072	4194304	512	16384	16384	16456	0	115200	131072	4194816	15872	4079616	tdi21-pascal-p3-v1
validation	14	16384	32	high_weight_first	16384	1	14932129646011387701	14932129646011387701	14932129646011387701	0	0	114688	4194304	4194304	16384	16384	16384	16456	0	131072	4194304	4210688	4063232	4079616	tdi21-pascal-p3-v1
validation	14	16384	32	high_weight_first	16384	8	7263338196235634597	7263338196235634597	7263338196235634597	0	0	114688	33554432	4194304	131072	16384	16384	16456	0	245760	33554432	4325376	33308672	4079616	tdi21-pascal-p3-v1
validation	14	16384	256	affine	16	1	2773586467431122443	2773586467431122443	2773586467431122443	0	0	114688	32768	33554432	16	16384	16384	131144	0	114704	32768	33554448	-81936	33439744	tdi21-pascal-p3-v1
validation	14	16384	256	affine	16	8	11807001818360947733	11807001818360947733	11807001818360947733	0	0	114688	262144	33554432	128	16384	16384	131144	0	114816	262144	33554560	147328	33439744	tdi21-pascal-p3-v1
validation	14	16384	256	affine	64	1	12582247580209825682	12582247580209825682	12582247580209825682	0	0	114688	131072	33554432	64	16384	16384	131144	0	114752	131072	33554496	16320	33439744	tdi21-pascal-p3-v1
validation	14	16384	256	affine	64	8	10253384202960826421	10253384202960826421	10253384202960826421	0	0	114688	1048576	33554432	512	16384	16384	131144	0	115200	1048576	33554944	933376	33439744	tdi21-pascal-p3-v1
validation	14	16384	256	affine	16384	1	1562833393717493969	1562833393717493969	1562833393717493969	0	0	114688	33554432	33554432	16384	16384	16384	131144	0	131072	33554432	33570816	33423360	33439744	tdi21-pascal-p3-v1
validation	14	16384	256	affine	16384	8	683752680081180741	683752680081180741	683752680081180741	0	0	114688	268435456	33554432	131072	16384	16384	131144	0	245760	268435456	33685504	268189696	33439744	tdi21-pascal-p3-v1
validation	14	16384	256	low_weight_first	16	1	12420528407374296273	12420528407374296273	12420528407374296273	0	0	114688	32768	33554432	16	16384	16384	131144	0	114704	32768	33554448	-81936	33439744	tdi21-pascal-p3-v1
validation	14	16384	256	low_weight_first	16	8	675206579904388357	675206579904388357	675206579904388357	0	0	114688	262144	33554432	128	16384	16384	131144	0	114816	262144	33554560	147328	33439744	tdi21-pascal-p3-v1
validation	14	16384	256	low_weight_first	64	1	14141313194502605211	14141313194502605211	14141313194502605211	0	0	114688	131072	33554432	64	16384	16384	131144	0	114752	131072	33554496	16320	33439744	tdi21-pascal-p3-v1
validation	14	16384	256	low_weight_first	64	8	1394756674911018565	1394756674911018565	1394756674911018565	0	0	114688	1048576	33554432	512	16384	16384	131144	0	115200	1048576	33554944	933376	33439744	tdi21-pascal-p3-v1
validation	14	16384	256	low_weight_first	16384	1	15945991036498296529	15945991036498296529	15945991036498296529	0	0	114688	33554432	33554432	16384	16384	16384	131144	0	131072	33554432	33570816	33423360	33439744	tdi21-pascal-p3-v1
validation	14	16384	256	low_weight_first	16384	8	16955575680803072005	16955575680803072005	16955575680803072005	0	0	114688	268435456	33554432	131072	16384	16384	131144	0	245760	268435456	33685504	268189696	33439744	tdi21-pascal-p3-v1
validation	14	16384	256	high_weight_first	16	1	3338520154654086927	3338520154654086927	3338520154654086927	0	0	114688	32768	33554432	16	16384	16384	131144	0	114704	32768	33554448	-81936	33439744	tdi21-pascal-p3-v1
validation	14	16384	256	high_weight_first	16	8	16562712834814757669	16562712834814757669	16562712834814757669	0	0	114688	262144	33554432	128	16384	16384	131144	0	114816	262144	33554560	147328	33439744	tdi21-pascal-p3-v1
validation	14	16384	256	high_weight_first	64	1	13992338475867119664	13992338475867119664	13992338475867119664	0	0	114688	131072	33554432	64	16384	16384	131144	0	114752	131072	33554496	16320	33439744	tdi21-pascal-p3-v1
validation	14	16384	256	high_weight_first	64	8	4926187875126327781	4926187875126327781	4926187875126327781	0	0	114688	1048576	33554432	512	16384	16384	131144	0	115200	1048576	33554944	933376	33439744	tdi21-pascal-p3-v1
validation	14	16384	256	high_weight_first	16384	1	630838293644309165	630838293644309165	630838293644309165	0	0	114688	33554432	33554432	16384	16384	16384	131144	0	131072	33554432	33570816	33423360	33439744	tdi21-pascal-p3-v1
validation	14	16384	256	high_weight_first	16384	8	4422362297335682789	4422362297335682789	4422362297335682789	0	0	114688	268435456	33554432	131072	16384	16384	131144	0	245760	268435456	33685504	268189696	33439744	tdi21-pascal-p3-v1
