split	n	k	density	schedule	region	target_load	query_load	reuse	checksum_pascal	checksum_direct	checksum_generic	mismatch_pascal	mismatch_generic	pairwise_token_comparisons	w_pascal	w_direct	w_generic	p4_delta_direct	p4_delta_generic	pascal_ns_r0	pascal_ns_r1	pascal_ns_r2	pascal_ns_r3	pascal_ns_r4	pascal_ns_r5	direct_ns_r0	direct_ns_r1	direct_ns_r2	direct_ns_r3	direct_ns_r4	direct_ns_r5	generic_ns_r0	generic_ns_r1	generic_ns_r2	generic_ns_r3	generic_ns_r4	generic_ns_r5	median_ns_pascal	median_ns_direct	median_ns_generic	delta_ns_direct	delta_ns_generic	semantics
development	10	1024	4	affine	low	83	83	1	17360766658401954419	17360766658401954419	17360766658401954419	0	0	0	5203	2656	32851	-2547	27648	10426	10176	10074	10074	10101	10083	3324	3314	3352	3287	3296	3287	40195	58417	40026	40167	40083	40176	10092	3305	40171	-6787	30079	tdi21-pascal-p5-realized-cost-v1
development	10	1024	4	affine	low	83	10	8	8479645422735298149	8479645422735298149	8479645422735298149	0	0	0	5200	2560	32848	-2640	27648	10083	10065	10111	10065	10102	10065	3185	3186	3194	3195	3186	3194	40139	40083	40111	40130	40093	40101	10074	3190	40106	-6884	30032	tdi21-pascal-p5-realized-cost-v1
development	10	1024	4	affine	cross	165	165	1	2629132208568071455	2629132208568071455	2629132208568071455	0	0	0	5285	5280	32933	-5	27648	10268	10259	10287	10324	14213	10296	6435	6472	6463	6435	6426	6436	40314	40342	44629	44676	40315	40296	10291	6435	40328	-3856	30037	tdi21-pascal-p5-realized-cost-v1
development	10	1024	4	affine	cross	165	21	8	16319805398526195037	16319805398526195037	16319805398526195037	0	0	0	5288	5376	32936	88	27648	10268	10287	10278	10260	10278	10278	6602	6593	6583	6611	6565	6593	40333	40315	40343	40296	40343	40370	10278	6593	40338	-3685	30060	tdi21-pascal-p5-realized-cost-v1
development	10	1024	4	affine	high	330	330	1	9261662477568543333	9261662477568543333	9261662477568543333	0	0	0	5450	10560	33098	5110	27648	10685	10694	10731	10648	10686	10713	12759	12750	12750	12732	12777	12741	40647	40713	40685	40741	40704	40731	10690	12750	40708	2060	30018	tdi21-pascal-p5-realized-cost-v1
development	10	1024	4	affine	high	330	41	8	1054354658805779773	1054354658805779773	1054354658805779773	0	0	0	5448	10496	33096	5048	27648	10686	10675	10667	10639	10667	10694	12722	12722	12722	12713	12741	12731	44611	40648	40704	40732	40695	40731	10671	12722	40717	2051	30046	tdi21-pascal-p5-realized-cost-v1
development	10	1024	4	low_weight_first	low	83	83	1	14508449084177861043	14508449084177861043	14508449084177861043	0	0	0	5203	2656	32851	-2547	27648	10111	10056	10102	10074	10111	10121	3278	3287	3287	3296	3315	3278	40083	40138	40148	40102	40129	40166	10106	3287	40133	-6819	30027	tdi21-pascal-p5-realized-cost-v1
development	10	1024	4	low_weight_first	low	83	10	8	4460138668784044405	4460138668784044405	4460138668784044405	0	0	0	5200	2560	32848	-2640	27648	10120	10093	10120	10065	10093	10092	3185	3222	3194	3167	3185	3194	40093	40129	40083	40093	40110	40093	10093	3189	40093	-6904	30000	tdi21-pascal-p5-realized-cost-v1
development	10	1024	4	low_weight_first	cross	165	165	1	13467886511272641443	13467886511272641443	13467886511272641443	0	0	0	5285	5280	32933	-5	27648	10315	10000	9769	9704	9796	9786	6417	6435	6121	6018	6074	6046	40305	60074	38760	37852	37898	37861	9791	6097	38329	-3694	28538	tdi21-pascal-p5-realized-cost-v1
development	10	1024	4	low_weight_first	cross	165	21	8	1512118038291015773	1512118038291015773	1512118038291015773	0	0	0	5288	5376	32936	88	27648	9676	9666	9676	9666	9667	9666	6176	6166	6185	6176	6176	6185	37889	37870	37897	37879	37861	37916	9666	6176	37884	-3490	28218	tdi21-pascal-p5-realized-cost-v1
development	10	1024	4	low_weight_first	high	330	330	1	18260004768447870588	18260004768447870588	18260004768447870588	0	0	0	5450	10560	33098	5110	27648	10093	10111	10064	10019	10074	10084	11972	14963	11991	11991	11973	12009	38278	38222	38231	38221	38214	38260	10079	11991	38226	1912	28147	tdi21-pascal-p5-realized-cost-v1
development	10	1024	4	low_weight_first	high	330	41	8	5450379400607392581	5450379400607392581	5450379400607392581	0	0	0	5448	10496	33096	5048	27648	10037	10019	10028	10009	10028	10028	11963	11963	11926	11953	11926	11936	38277	38278	38260	38231	38240	38260	10028	11944	38260	1916	28232	tdi21-pascal-p5-realized-cost-v1
development	10	1024	4	high_weight_first	low	83	83	1	7343310682107007373	7343310682107007373	7343310682107007373	0	0	0	5203	2656	32851	-2547	27648	9528	9527	9509	9472	9481	9463	3111	3120	3102	3102	3111	3093	37693	37685	37676	37667	37657	37676	9495	3106	37676	-6389	28181	tdi21-pascal-p5-realized-cost-v1
development	10	1024	4	high_weight_first	low	83	10	8	7791670369816787845	7791670369816787845	7791670369816787845	0	0	0	5200	2560	32848	-2640	27648	9500	9510	9482	9462	9500	9491	2991	3009	2991	3009	2990	2991	37666	37685	37658	37713	37685	37686	9495	2991	37685	-6504	28190	tdi21-pascal-p5-realized-cost-v1
development	10	1024	4	high_weight_first	cross	165	165	1	6670786360648425383	6670786360648425383	6670786360648425383	0	0	0	5285	5280	32933	-5	27648	9704	9704	9704	9667	9713	9695	6037	6046	6056	6047	6055	6037	37815	37888	37824	37852	37879	37823	9704	6046	37838	-3658	28134	tdi21-pascal-p5-realized-cost-v1
development	10	1024	4	high_weight_first	cross	165	21	8	784508612569236885	784508612569236885	784508612569236885	0	0	0	5288	5376	32936	88	27648	9695	9666	9676	9667	9657	9667	6186	6195	6176	6176	6195	6167	37843	37898	37889	37889	37852	37852	9667	6181	37870	-3486	28203	tdi21-pascal-p5-realized-cost-v1
development	10	1024	4	high_weight_first	high	330	330	1	5776914222894147184	5776914222894147184	5776914222894147184	0	0	0	5450	10560	33098	5110	27648	10046	9833	9787	9731	9787	9787	11972	11676	11649	11611	11630	11629	48185	37194	37213	37102	37176	37093	9787	11639	37185	1852	27398	tdi21-pascal-p5-realized-cost-v1
development	10	1024	4	high_weight_first	high	330	41	8	3580294022538380813	3580294022538380813	3580294022538380813	0	0	0	5448	10496	33096	5048	27648	9750	9732	9741	9713	9732	9713	11602	11611	11592	11574	11593	11593	37120	37139	37157	37074	37147	37121	9732	11593	37130	1861	27398	tdi21-pascal-p5-realized-cost-v1
development	10	1024	16	affine	low	20	20	1	9316028699887598943	9316028699887598943	9316028699887598943	0	0	0	5140	2560	131092	-2580	125952	9278	9167	9158	9129	9232	9157	2028	2028	2037	2028	2019	2018	101694	101713	101916	101704	101879	101898	9162	2028	101796	-7134	92634	tdi21-pascal-p5-realized-cost-v1
development	10	1024	16	affine	low	20	3	8	1502673323047307117	1502673323047307117	1502673323047307117	0	0	0	5144	3072	131096	-2072	125952	9157	9138	9148	9166	9139	9129	2426	2426	2407	2416	2417	2407	101889	101899	101871	110482	105731	105417	9143	2416	103658	-6727	94515	tdi21-pascal-p5-realized-cost-v1
development	10	1024	16	affine	cross	40	40	1	13110114553154622902	13110114553154622902	13110114553154622902	0	0	0	5160	5120	131112	-40	125952	9176	9157	9167	9158	9213	9167	3953	3945	3954	3935	3945	3953	101907	101925	109453	105360	105648	109417	9167	3949	105504	-5218	96337	tdi21-pascal-p5-realized-cost-v1
development	10	1024	16	affine	cross	40	5	8	11557821274563903397	11557821274563903397	11557821274563903397	0	0	0	5160	5120	131112	-40	125952	9176	8777	8750	8741	8722	8750	3945	3852	3750	3732	3741	3741	112860	96398	96259	96240	96241	96241	8750	3745	96250	-5005	87500	tdi21-pascal-p5-realized-cost-v1
development	10	1024	16	affine	high	81	81	1	14203165522313003956	14203165522313003956	14203165522313003956	0	0	0	5201	10368	131153	5167	125952	8741	8768	8750	8777	8759	8758	7445	7472	7463	7472	7472	7435	96379	107268	100065	96351	96334	96333	8758	7467	96365	-1291	87607	tdi21-pascal-p5-realized-cost-v1
development	10	1024	16	affine	high	81	10	8	18222286115722512565	18222286115722512565	18222286115722512565	0	0	0	5200	10240	131152	5040	125952	8760	8768	8759	8730	8787	8750	7361	7352	7370	7351	7352	7352	96361	96314	96333	96296	96352	100110	8759	7352	96342	-1407	87583	tdi21-pascal-p5-realized-cost-v1
development	10	1024	16	low_weight_first	low	20	20	1	7098578710107837906	7098578710107837906	7098578710107837906	0	0	0	5140	2560	131092	-2580	125952	8657	8658	8629	8620	8639	8639	1925	1917	1907	1916	1916	1908	96213	96204	96193	96240	96194	96175	8639	1916	96199	-6723	87560	tdi21-pascal-p5-realized-cost-v1
development	10	1024	16	low_weight_first	low	20	3	8	3739116435046627085	3739116435046627085	3739116435046627085	0	0	0	5144	3072	131096	-2072	125952	8667	8639	17195	8435	8426	8416	2287	2287	2241	2232	2232	2213	96223	96194	96221	94047	93694	93443	8537	2236	95120	-6301	86583	tdi21-pascal-p5-realized-cost-v1
development	10	1024	16	low_weight_first	cross	40	40	1	7125324224925896649	7125324224925896649	7125324224925896649	0	0	0	5160	5120	131112	-40	125952	8454	8453	8491	8417	8445	8445	3630	3629	3630	3630	3621	3630	93648	93666	93434	96195	93657	93647	8449	3630	93652	-4819	85203	tdi21-pascal-p5-realized-cost-v1
development	10	1024	16	low_weight_first	cross	40	5	8	1795611953878643549	1795611953878643549	1795611953878643549	0	0	0	5160	5120	131112	-40	125952	8416	8481	8454	8435	8453	8463	3648	3630	3630	3639	3630	3639	93667	93638	93638	93667	93648	93647	8453	3634	93647	-4819	85194	tdi21-pascal-p5-realized-cost-v1
development	10	1024	16	low_weight_first	high	81	81	1	18372047578775828562	18372047578775828562	18372047578775828562	0	0	0	5201	10368	131153	5167	125952	12380	8547	8509	8537	8528	8528	7241	7240	7241	7231	7241	7241	97509	97426	97425	93723	93750	93702	8532	7241	95587	-1291	87055	tdi21-pascal-p5-realized-cost-v1
development	10	1024	16	low_weight_first	high	81	10	8	13924304173711201109	13924304173711201109	13924304173711201109	0	0	0	5200	10240	131152	5040	125952	8528	8555	8518	8500	8509	8120	11009	7148	7157	7148	7167	6825	93732	93703	93739	93732	93722	98739	8513	7152	93732	-1361	85219	tdi21-pascal-p5-realized-cost-v1
development	10	1024	16	high_weight_first	low	20	20	1	11614290861219179881	11614290861219179881	11614290861219179881	0	0	0	5140	2560	131092	-2580	125952	8055	8046	8009	8000	7954	7972	1777	1778	1778	1787	1787	1777	89361	89362	89175	92963	95972	88851	8004	1778	89361	-6226	81357	tdi21-pascal-p5-realized-cost-v1
development	10	1024	16	high_weight_first	low	20	3	8	6415676890435507741	6415676890435507741	6415676890435507741	0	0	0	5144	3072	131096	-2072	125952	8000	8019	7982	7963	7963	7982	2112	2121	2111	2102	2111	2102	88833	88824	88814	88806	88852	88907	7982	2111	88828	-5871	80846	tdi21-pascal-p5-realized-cost-v1
development	10	1024	16	high_weight_first	cross	40	40	1	136020108212859751	136020108212859751	136020108212859751	0	0	0	5160	5120	131112	-40	125952	8018	8046	8009	8028	8027	8028	3444	3445	3453	3435	3444	3444	92388	88861	88843	88878	88852	88676	8027	3444	88856	-4583	80829	tdi21-pascal-p5-realized-cost-v1
development	10	1024	16	high_weight_first	cross	40	5	8	10959496146735543509	10959496146735543509	10959496146735543509	0	0	0	5160	5120	131112	-40	125952	8028	8000	8009	8010	8009	8028	3454	3454	3454	3454	3453	3453	88879	88833	88870	88832	88861	88870	8009	3454	88865	-4555	80856	tdi21-pascal-p5-realized-cost-v1
development	10	1024	16	high_weight_first	high	81	81	1	1001973264910665752	1001973264910665752	1001973264910665752	0	0	0	5201	10368	131153	5167	125952	8093	16371	7907	7898	7898	7907	6870	6880	6723	6704	6713	6704	88943	88945	86731	86833	86834	86852	7907	6718	86843	-1189	78936	tdi21-pascal-p5-realized-cost-v1
development	10	1024	16	high_weight_first	high	81	10	8	12292566677058645365	12292566677058645365	12292566677058645365	0	0	0	5200	10240	131152	5040	125952	7889	7889	7889	7879	7880	7880	6620	6620	6648	6611	6630	6629	86712	86713	86704	88795	86676	86732	7884	6624	86712	-1260	78828	tdi21-pascal-p5-realized-cost-v1
development	10	1024	64	affine	low	5	5	1	14692453688972414110	14692453688972414110	14692453688972414110	0	0	0	5125	2560	524293	-2565	519168	8130	8083	7945	8075	7926	7916	1167	1156	1176	1167	1176	1166	222889	222898	222906	222906	222776	222759	8010	1167	222893	-6843	214883	tdi21-pascal-p5-realized-cost-v1
development	10	1024	64	affine	low	5	1	8	17681656781781375309	17681656781781375309	17681656781781375309	0	0	0	5128	4096	524296	-1032	519168	7917	7935	7759	7908	7722	7898	1815	1824	1768	1769	1778	1769	222776	228880	219259	217434	217351	217333	7903	1773	218346	-6130	210443	tdi21-pascal-p5-realized-cost-v1
development	10	1024	64	affine	cross	10	10	1	16565868455809962566	16565868455809962566	16565868455809962566	0	0	0	5130	5120	524298	-10	519168	7972	7944	7963	7953	7899	7889	2194	2195	2185	2195	2195	2195	217323	217361	217371	217342	225230	225230	7948	2195	217366	-5753	209418	tdi21-pascal-p5-realized-cost-v1
development	10	1024	64	affine	cross	10	1	8	17681656781781375309	17681656781781375309	17681656781781375309	0	0	0	5128	4096	524296	-1032	519168	7898	7889	7889	7870	7537	7509	1778	1778	1778	1777	1695	1685	224786	228684	221074	219184	207240	207258	7879	1777	220129	-6102	212250	tdi21-pascal-p5-realized-cost-v1
development	10	1024	64	affine	high	20	20	1	13053295998039018295	13053295998039018295	13053295998039018295	0	0	0	5140	10240	524308	5100	519168	7546	7537	7546	7528	7537	7537	4093	4092	4093	4084	4102	4083	215841	207276	207277	207258	207240	207324	7537	4092	207276	-3445	199739	tdi21-pascal-p5-realized-cost-v1
development	10	1024	64	affine	high	20	3	8	8333137123911671813	8333137123911671813	8333137123911671813	0	0	0	5144	12288	524312	7144	519168	7546	7546	7546	7556	7537	7731	4889	4898	4889	4889	4889	4787	207304	207278	207277	207286	207296	249861	7546	4889	207291	-2657	199745	tdi21-pascal-p5-realized-cost-v1
development	10	1024	64	low_weight_first	low	5	5	1	9484597171165605256	9484597171165605256	9484597171165605256	0	0	0	5125	2560	524293	-2565	519168	7380	7871	7370	7361	7361	7352	1074	1074	1064	1083	1074	1074	202574	204639	202527	202536	202528	202554	7365	1074	202545	-6291	195180	tdi21-pascal-p5-realized-cost-v1
development	10	1024	64	low_weight_first	low	5	1	8	10299622130152861157	10299622130152861157	10299622130152861157	0	0	0	5128	4096	524296	-1032	519168	7352	7380	7371	7352	7343	7361	1657	1657	1658	1657	1657	1657	211212	210018	202526	202546	213592	202665	7356	1657	206341	-5699	198985	tdi21-pascal-p5-realized-cost-v1
development	10	1024	64	low_weight_first	cross	10	10	1	15397235633707921115	15397235633707921115	15397235633707921115	0	0	0	5130	5120	524298	-10	519168	7259	7231	7213	7204	7195	7195	2000	2009	2009	2000	2000	2000	198434	198445	202156	205730	200703	198055	7208	2000	199574	-5208	192366	tdi21-pascal-p5-realized-cost-v1
development	10	1024	64	low_weight_first	cross	10	1	8	10299622130152861157	10299622130152861157	10299622130152861157	0	0	0	5128	4096	524296	-1032	519168	7213	7195	7204	7203	7185	7185	1621	1620	1630	1620	1620	1620	198065	202656	198036	198064	198046	198036	7199	1620	198055	-5579	190856	tdi21-pascal-p5-realized-cost-v1
development	10	1024	64	low_weight_first	high	20	20	1	2327118994361772249	2327118994361772249	2327118994361772249	0	0	0	5140	10240	524308	5100	519168	7204	7204	7073	7084	7055	7056	3907	3916	3833	3824	3833	3824	198083	198055	204037	193741	193749	193721	7078	3833	195902	-3245	188824	tdi21-pascal-p5-realized-cost-v1
development	10	1024	64	low_weight_first	high	20	3	8	13067579069952913741	13067579069952913741	13067579069952913741	0	0	0	5144	12288	524312	7144	519168	7111	7102	7102	7093	7093	7102	4574	4574	4583	4574	4583	4564	193758	193768	193795	193759	193787	193758	7102	4574	193763	-2528	186661	tdi21-pascal-p5-realized-cost-v1
development	10	1024	64	high_weight_first	low	5	5	1	15706523920399134529	15706523920399134529	15706523920399134529	0	0	0	5125	2560	524293	-2565	519168	7065	7046	7027	7037	7065	6917	1019	973	1018	1028	1028	1000	193722	193740	193730	193750	194434	199759	7041	1018	193745	-6023	186704	tdi21-pascal-p5-realized-cost-v1
development	10	1024	64	high_weight_first	low	5	1	8	4860834050089119205	4860834050089119205	4860834050089119205	0	0	0	5128	4096	524296	-1032	519168	6953	6963	6963	6972	6954	6963	1547	1556	1546	1555	1556	1555	189638	189630	191888	189638	189648	189629	6963	1555	189638	-5408	182675	tdi21-pascal-p5-realized-cost-v1
development	10	1024	64	high_weight_first	cross	10	10	1	3163587202122762667	3163587202122762667	3163587202122762667	0	0	0	5130	5120	524298	-10	519168	6944	6926	6917	6936	6917	6935	1908	1917	1926	1916	1916	1917	189647	193953	196898	193323	189656	193361	6930	1916	193342	-5014	186412	tdi21-pascal-p5-realized-cost-v1
development	10	1024	64	high_weight_first	cross	10	1	8	4860834050089119205	4860834050089119205	4860834050089119205	0	0	0	5128	4096	524296	-1032	519168	6926	6805	6787	6768	6768	6769	1555	1556	1519	1519	1519	1518	194518	194527	185657	185656	187009	185666	6778	1519	186337	-5259	179559	tdi21-pascal-p5-realized-cost-v1
development	10	1024	64	high_weight_first	high	20	20	1	18052560109959474965	18052560109959474965	18052560109959474965	0	0	0	5140	10240	524308	5100	519168	6787	6768	6759	6768	6824	6777	3676	3666	3676	3675	3667	3667	185703	185674	185686	185693	185684	189704	6772	3671	185689	-3101	178917	tdi21-pascal-p5-realized-cost-v1
development	10	1024	64	high_weight_first	high	20	3	8	17922372290131413797	17922372290131413797	17922372290131413797	0	0	0	5144	12288	524312	7144	519168	6778	6768	6787	6787	6778	6814	4389	4389	4380	4389	4389	4380	185686	185702	185684	185703	185702	193758	6782	4389	185702	-2393	178920	tdi21-pascal-p5-realized-cost-v1
development	12	4096	4	affine	low	396	396	1	1655288284457433032	1655288284457433032	1655288284457433032	0	0	0	24972	12672	131468	-12300	106496	30445	30517	30574	30398	30583	30565	9861	9852	9852	9842	12305	9843	103195	103019	103138	103278	103380	103158	30541	9852	103176	-20689	72635	tdi21-pascal-p5-realized-cost-v1
development	12	4096	4	affine	low	396	50	8	8617527264009509157	8617527264009509157	8617527264009509157	0	0	0	24976	12800	131472	-12176	106496	30526	30491	30500	30445	30398	30528	9982	10000	9972	9963	9972	13564	103213	103232	103203	103204	103258	107213	30495	9977	103222	-20518	72727	tdi21-pascal-p5-realized-cost-v1
development	12	4096	4	affine	cross	793	793	1	489245919061662872	489245919061662872	489245919061662872	0	0	0	25369	25376	131865	7	106496	31111	31092	31037	31084	31129	31019	19628	19611	23398	19648	19592	19620	103778	103834	107360	107759	103833	103806	31088	19624	103833	-11464	72745	tdi21-pascal-p5-realized-cost-v1
development	12	4096	4	affine	cross	793	99	8	5403545224364595669	5403545224364595669	5403545224364595669	0	0	0	25368	25344	131864	-24	106496	31045	31008	31111	30963	31148	31147	19639	19676	19713	19639	19667	19676	103852	103815	103871	111388	107574	103806	31078	19671	103861	-11407	72783	tdi21-pascal-p5-realized-cost-v1
development	12	4096	4	affine	high	1586	1586	1	2909446204242779281	2909446204242779281	2909446204242779281	0	0	0	26162	50752	132658	24590	106496	32250	32334	32360	32324	32259	32241	39130	39203	39176	39130	39157	39176	104916	105000	105009	108870	105111	104972	32291	39166	105004	6875	72713	tdi21-pascal-p5-realized-cost-v1
development	12	4096	4	affine	high	1586	198	8	11163421254618076709	11163421254618076709	11163421254618076709	0	0	0	26160	50688	132656	24528	106496	32352	32223	32324	32249	32333	32287	39194	39194	39278	39269	39204	39260	104991	105017	105018	105009	104943	105019	32305	39232	105013	6927	72708	tdi21-pascal-p5-realized-cost-v1
development	12	4096	4	low_weight_first	low	396	396	1	4058483849123673518	4058483849123673518	4058483849123673518	0	0	0	24972	12672	131468	-12300	106496	30546	30500	30408	30426	30408	30518	9842	9833	9861	9852	9842	9843	103204	103268	103167	103165	103213	103175	30463	9842	103189	-20621	72726	tdi21-pascal-p5-realized-cost-v1
development	12	4096	4	low_weight_first	low	396	50	8	6662867665230272965	6662867665230272965	6662867665230272965	0	0	0	24976	12800	131472	-12176	106496	30445	30491	30518	30472	30417	30519	9980	9982	10000	9973	9972	10000	103194	103240	103221	103204	103055	103185	30481	9981	103199	-20500	72718	tdi21-pascal-p5-realized-cost-v1
development	12	4096	4	low_weight_first	cross	793	793	1	17442512839598337721	17442512839598337721	17442512839598337721	0	0	0	25369	25376	131865	7	106496	31102	31157	31028	31128	31111	33991	19648	19611	19629	19667	19629	19648	103833	103832	103667	103806	103806	103833	31119	19638	103819	-11481	72700	tdi21-pascal-p5-realized-cost-v1
development	12	4096	4	low_weight_first	cross	793	99	8	820762018160271885	820762018160271885	820762018160271885	0	0	0	25368	25344	131864	-24	106496	31028	31055	30972	30973	31064	31028	19657	19676	19639	19657	19685	19657	103851	103749	103834	103805	103797	103850	31028	19657	103819	-11371	72791	tdi21-pascal-p5-realized-cost-v1
development	12	4096	4	low_weight_first	high	1586	1586	1	9310223253784963641	9310223253784963641	9310223253784963641	0	0	0	26162	50752	132658	24590	106496	32223	32379	36324	32352	32296	32250	39185	39121	39231	42758	39324	39167	105065	105036	109056	108685	105018	105028	32324	39208	105050	6884	72726	tdi21-pascal-p5-realized-cost-v1
development	12	4096	4	low_weight_first	high	1586	198	8	3062778149298510629	3062778149298510629	3062778149298510629	0	0	0	26160	50688	132656	24528	106496	32380	32260	32287	32195	32259	32333	42963	39287	39185	39148	39194	39193	108943	104981	109990	104908	105129	105028	32273	39193	105078	6920	72805	tdi21-pascal-p5-realized-cost-v1
development	12	4096	4	high_weight_first	low	396	396	1	11871841118593234041	11871841118593234041	11871841118593234041	0	0	0	24972	12672	131468	-12300	106496	30454	30426	30434	30417	30435	30445	9870	9861	9833	9852	9843	9833	103239	103204	103176	103222	103231	103194	30434	9847	103213	-20587	72779	tdi21-pascal-p5-realized-cost-v1
development	12	4096	4	high_weight_first	low	396	50	8	9950269477754560533	9950269477754560533	9950269477754560533	0	0	0	24976	12800	131472	-12176	106496	30453	30435	30453	30407	30444	30426	9963	9991	9972	9973	10000	9962	103232	103240	103158	103230	103241	103222	30439	9972	103231	-20467	72792	tdi21-pascal-p5-realized-cost-v1
development	12	4096	4	high_weight_first	cross	793	793	1	13687749297056649095	13687749297056649095	13687749297056649095	0	0	0	25369	25376	131865	7	106496	31055	31158	31111	31009	31148	31037	19629	19648	19620	19620	19713	19620	108471	103833	103841	103833	103851	103824	31083	19624	103837	-11459	72754	tdi21-pascal-p5-realized-cost-v1
development	12	4096	4	high_weight_first	cross	793	99	8	14375007153510938045	14375007153510938045	14375007153510938045	0	0	0	25368	25344	131864	-24	106496	31046	31037	31130	31028	31074	31120	19667	19703	19630	19658	19676	19676	103805	103823	103796	103906	103805	103832	31060	19671	103814	-11389	72754	tdi21-pascal-p5-realized-cost-v1
development	12	4096	4	high_weight_first	high	1586	1586	1	11556476914573256151	11556476914573256151	11556476914573256151	0	0	0	26162	50752	132658	24590	106496	32305	32241	32352	32259	32287	32287	39130	39334	42870	42953	39343	39167	105009	105008	108732	105074	105028	105017	32287	39338	105022	7051	72735	tdi21-pascal-p5-realized-cost-v1
development	12	4096	4	high_weight_first	high	1586	198	8	13085373729582020453	13085373729582020453	13085373729582020453	0	0	0	26160	50688	132656	24528	106496	32232	32315	32250	32324	32250	32305	39213	39241	39221	39222	39259	39269	104963	112573	108796	105149	104990	104954	32277	39231	105069	6954	72792	tdi21-pascal-p5-realized-cost-v1
development	12	4096	16	affine	low	97	97	1	2311172230240997155	2311172230240997155	2311172230240997155	0	0	0	24673	12416	524385	-12257	499712	30009	30037	30083	30046	30046	29981	6750	6676	6667	6658	6657	6648	287119	287342	287342	287120	287406	291592	30041	6662	287342	-23379	257301	tdi21-pascal-p5-realized-cost-v1
development	12	4096	16	affine	low	97	12	8	15851735434078560501	15851735434078560501	15851735434078560501	0	0	0	24672	12288	524384	-12384	499712	30000	29963	30000	29982	29963	29973	6602	6611	6611	6611	6611	6611	287509	287536	287480	287462	287481	287443	29977	6611	287480	-23366	257503	tdi21-pascal-p5-realized-cost-v1
development	12	4096	16	affine	cross	194	194	1	14041668425256474708	14041668425256474708	14041668425256474708	0	0	0	24770	24832	524482	62	499712	30147	30287	30223	30194	30130	30130	13232	13231	13231	13232	13231	13240	287563	290111	287082	287573	287619	287629	30170	13231	287596	-16939	257426	tdi21-pascal-p5-realized-cost-v1
development	12	4096	16	affine	cross	194	24	8	3085618572800285861	3085618572800285861	3085618572800285861	0	0	0	24768	24576	524480	-192	499712	30157	30130	33824	30121	30222	30222	13111	13120	13111	13111	13111	13121	298415	290694	291082	301869	290878	290999	30189	13111	291040	-17078	260851	tdi21-pascal-p5-realized-cost-v1
development	12	4096	16	affine	high	387	387	1	7975727871937094123	7975727871937094123	7975727871937094123	0	0	0	24963	49536	524675	24573	499712	30472	30510	30463	30500	30445	30500	26305	26417	26297	26305	26416	26315	288055	287980	291656	288064	287647	288036	30486	26310	288045	-4176	257559	tdi21-pascal-p5-realized-cost-v1
development	12	4096	16	affine	high	387	48	8	576040059192722069	576040059192722069	576040059192722069	0	0	0	24960	49152	524672	24192	499712	30454	30462	30545	30398	30435	30482	26129	26130	26111	26130	26222	26120	293166	288101	288000	288138	288092	288092	30458	26129	288096	-4329	257638	tdi21-pascal-p5-realized-cost-v1
development	12	4096	16	low_weight_first	low	97	97	1	13473083817756026051	13473083817756026051	13473083817756026051	0	0	0	24673	12416	524385	-12257	499712	30065	29972	30000	30001	30130	30056	6666	6694	6657	6657	6667	6657	291082	294435	287620	294036	298231	287499	30028	6661	292559	-23367	262531	tdi21-pascal-p5-realized-cost-v1
development	12	4096	16	low_weight_first	low	97	12	8	3756528252890225989	3756528252890225989	3756528252890225989	0	0	0	24672	12288	524384	-12384	499712	30102	30064	30093	30065	30111	30054	6602	6620	6611	6611	6611	6611	286981	287360	287425	287517	287295	287100	30079	6611	287327	-23468	257248	tdi21-pascal-p5-realized-cost-v1
development	12	4096	16	low_weight_first	cross	194	194	1	12063863454091707762	12063863454091707762	12063863454091707762	0	0	0	24770	24832	524482	62	499712	30203	30203	30213	30223	30204	30203	13231	13222	13231	13222	13232	13232	287157	287203	287711	287749	287758	287749	30203	13231	287730	-16972	257527	tdi21-pascal-p5-realized-cost-v1
development	12	4096	16	low_weight_first	cross	194	24	8	3740103621492073797	3740103621492073797	3740103621492073797	0	0	0	24768	24576	524480	-192	499712	30204	30166	30250	30102	30120	30139	13120	13129	13111	13129	13128	13112	287693	287694	291398	287741	287750	287221	30152	13124	287717	-17028	257565	tdi21-pascal-p5-realized-cost-v1
development	12	4096	16	low_weight_first	high	387	387	1	10429232393893147930	10429232393893147930	10429232393893147930	0	0	0	24963	49536	524675	24573	499712	30436	30463	34028	30388	30509	30528	26333	26315	26314	26305	29962	26296	299175	290888	291129	301777	288046	290693	30486	26314	291008	-4172	260522	tdi21-pascal-p5-realized-cost-v1
development	12	4096	16	low_weight_first	high	387	48	8	5115976234999044869	5115976234999044869	5115976234999044869	0	0	0	24960	49152	524672	24192	499712	34046	30481	30565	30509	30564	30407	26111	26139	26120	26120	26130	26111	291629	288009	288074	287999	291018	288036	30536	26120	288055	-4416	257519	tdi21-pascal-p5-realized-cost-v1
development	12	4096	16	high_weight_first	low	97	97	1	14148730800122836951	14148730800122836951	14148730800122836951	0	0	0	24673	12416	524385	-12257	499712	30120	29981	29972	29963	30065	30037	6667	6666	6657	6667	6685	6648	287555	287601	287620	287601	287629	287564	30009	6666	287601	-23343	257592	tdi21-pascal-p5-realized-cost-v1
development	12	4096	16	high_weight_first	low	97	12	8	16390047365015789589	16390047365015789589	16390047365015789589	0	0	0	24672	12288	524384	-12384	499712	30028	30074	30102	30065	33805	30084	6602	6639	6611	6621	6629	6611	294369	291351	287008	290739	294962	287350	30079	6616	291045	-23463	260966	tdi21-pascal-p5-realized-cost-v1
development	12	4096	16	high_weight_first	cross	194	194	1	1100968558084410943	1100968558084410943	1100968558084410943	0	0	0	24770	24832	524482	62	499712	30204	30259	30213	30111	30212	30213	13250	17101	13232	13230	13221	13222	287554	287091	287481	287750	287778	287749	30212	13231	287651	-16981	257439	tdi21-pascal-p5-realized-cost-v1
development	12	4096	16	high_weight_first	cross	194	24	8	6332120368134217525	6332120368134217525	6332120368134217525	0	0	0	24768	24576	524480	-192	499712	30185	30213	30166	30186	30240	30204	13120	13111	13111	13120	13120	13111	287749	287740	287758	287018	287749	287730	30195	13115	287744	-17080	257549	tdi21-pascal-p5-realized-cost-v1
development	12	4096	16	high_weight_first	high	387	387	1	14178446131016653671	14178446131016653671	14178446131016653671	0	0	0	24963	49536	524675	24573	499712	30510	30526	30426	30509	30407	30500	26305	26295	26306	26287	26287	26306	288073	291546	288036	288027	287444	288064	30504	26300	288050	-4204	257546	tdi21-pascal-p5-realized-cost-v1
development	12	4096	16	high_weight_first	high	387	48	8	13174671602236972725	13174671602236972725	13174671602236972725	0	0	0	24960	49152	524672	24192	499712	34213	30453	30453	30454	30333	30426	26111	26120	29843	26185	30065	26121	288045	295350	302286	288064	288074	287999	30453	26153	288069	-4300	257616	tdi21-pascal-p5-realized-cost-v1
development	12	4096	64	affine	low	24	24	1	7472092373446292887	7472092373446292887	7472092373446292887	0	0	0	24600	12288	2097176	-12312	2072576	30185	30130	30231	30278	30269	30194	4370	4371	4371	4370	4370	4370	739858	739831	744090	739914	741313	757359	30212	4370	740613	-25842	710401	tdi21-pascal-p5-realized-cost-v1
development	12	4096	64	affine	low	24	3	8	9148350512050994597	9148350512050994597	9148350512050994597	0	0	0	24600	12288	2097176	-12312	2072576	30249	30204	30148	30157	30213	30250	4371	4370	4371	4370	4371	4371	743313	752617	739813	743821	743378	744089	30208	4371	743599	-25837	713391	tdi21-pascal-p5-realized-cost-v1
development	12	4096	64	affine	cross	48	48	1	1336948743603289084	1336948743603289084	1336948743603289084	0	0	0	24624	24576	2097200	-48	2072576	30175	30167	30241	30241	30250	30194	8657	8658	8648	8648	8647	8658	739886	743590	739877	739878	750730	754220	30217	8652	741738	-21565	711521	tdi21-pascal-p5-realized-cost-v1
development	12	4096	64	affine	cross	48	6	8	6616555722416050645	6616555722416050645	6616555722416050645	0	0	0	24624	24576	2097200	-48	2072576	30176	30278	30186	30194	30231	30297	8657	8658	8648	8658	8648	8648	744848	739794	740025	741322	744220	741377	30212	8652	741349	-21560	711137	tdi21-pascal-p5-realized-cost-v1
development	12	4096	64	affine	high	96	96	1	11161063524389415854	11161063524389415854	11161063524389415854	0	0	0	24672	49152	2097248	24480	2072576	30315	30332	30333	29796	30380	30250	17222	17222	17231	17213	17223	17222	753210	756090	739924	744098	740331	739951	30323	17222	742214	-13101	711891	tdi21-pascal-p5-realized-cost-v1
development	12	4096	64	affine	high	96	12	8	2579706557199410805	2579706557199410805	2579706557199410805	0	0	0	24672	49152	2097248	24480	2072576	30250	30380	30333	30250	30352	30334	17241	17241	17241	17241	17231	17241	739923	739924	739951	743080	740683	739904	30333	17241	739937	-13092	709604	tdi21-pascal-p5-realized-cost-v1
development	12	4096	64	low_weight_first	low	24	24	1	15381057048020616392	15381057048020616392	15381057048020616392	0	0	0	24600	12288	2097176	-12312	2072576	30139	30213	30204	30202	30212	30269	4370	4380	4380	4371	4370	4370	747054	739849	751035	739850	745517	744072	30208	4370	744794	-25838	714586	tdi21-pascal-p5-realized-cost-v1
development	12	4096	64	low_weight_first	low	24	3	8	3739116435046627085	3739116435046627085	3739116435046627085	0	0	0	24600	12288	2097176	-12312	2072576	30231	30147	30260	33722	30204	30129	4370	4371	4370	4380	4370	4371	758924	750961	743637	747553	747127	740043	30217	4370	747340	-25847	717123	tdi21-pascal-p5-realized-cost-v1
development	12	4096	64	low_weight_first	cross	48	48	1	7864273220369297388	7864273220369297388	7864273220369297388	0	0	0	24624	24576	2097200	-48	2072576	30259	30186	30287	30186	30241	30241	8648	8648	8657	8657	8648	8648	739859	739886	739822	739803	742887	740247	30241	8648	739872	-21593	709631	tdi21-pascal-p5-realized-cost-v1
development	12	4096	64	low_weight_first	cross	48	6	8	6816286055791869013	6816286055791869013	6816286055791869013	0	0	0	24624	24576	2097200	-48	2072576	30185	30287	30314	30250	30186	30204	8657	8648	8667	8648	8676	8657	762396	748006	752544	739887	746414	744794	30227	8657	747210	-21570	716983	tdi21-pascal-p5-realized-cost-v1
development	12	4096	64	low_weight_first	high	96	96	1	7978374964007229293	7978374964007229293	7978374964007229293	0	0	0	24672	49152	2097248	24480	2072576	30241	30352	33842	30287	30297	30333	17296	17212	17213	17222	17213	17222	744878	745952	751054	756396	744738	747415	30315	17217	746683	-13098	716368	tdi21-pascal-p5-realized-cost-v1
development	12	4096	64	low_weight_first	high	96	12	8	12562260299301280325	12562260299301280325	12562260299301280325	0	0	0	24672	49152	2097248	24480	2072576	30250	30287	30268	30333	30231	30342	17241	17241	17240	17250	17241	17241	744006	739970	740256	739932	739933	743784	30277	17241	740113	-13036	709836	tdi21-pascal-p5-realized-cost-v1
development	12	4096	64	high_weight_first	low	24	24	1	13855666399061909439	13855666399061909439	13855666399061909439	0	0	0	24600	12288	2097176	-12312	2072576	30119	33944	30278	30195	30267	30260	4370	4379	4380	4370	4370	4370	754285	762321	743961	753720	744443	743341	30263	4370	749081	-25893	718818	tdi21-pascal-p5-realized-cost-v1
development	12	4096	64	high_weight_first	low	24	3	8	5031525597828908445	5031525597828908445	5031525597828908445	0	0	0	24600	12288	2097176	-12312	2072576	30157	30241	30249	33852	34157	30130	4380	4371	4379	4371	4370	4379	739831	739775	751192	750627	744619	747432	30245	4375	746025	-25870	715780	tdi21-pascal-p5-realized-cost-v1
development	12	4096	64	high_weight_first	cross	48	48	1	9277590545188316569	9277590545188316569	9277590545188316569	0	0	0	24624	24576	2097200	-48	2072576	30165	30176	30223	30288	30186	30287	8657	8648	8657	8648	8658	8649	739878	743821	740239	739858	739840	739830	30204	8653	739868	-21551	709664	tdi21-pascal-p5-realized-cost-v1
development	12	4096	64	high_weight_first	cross	48	6	8	2698554790760509973	2698554790760509973	2698554790760509973	0	0	0	24624	24576	2097200	-48	2072576	30241	30269	30203	30268	30306	30167	8648	8658	8657	12167	8648	8648	739840	746988	754572	758359	750895	744785	30254	8652	748941	-21602	718687	tdi21-pascal-p5-realized-cost-v1
development	12	4096	64	high_weight_first	high	96	96	1	7013600992536302377	7013600992536302377	7013600992536302377	0	0	0	24672	49152	2097248	24480	2072576	30213	30250	30249	30260	33945	30278	17213	17213	17213	17213	17213	17222	742979	739915	739943	747220	752747	752378	30255	17213	745099	-13042	714844	tdi21-pascal-p5-realized-cost-v1
development	12	4096	64	high_weight_first	high	96	12	8	1559240758795864565	1559240758795864565	1559240758795864565	0	0	0	24672	49152	2097248	24480	2072576	30250	30305	30362	30231	30352	30296	17241	17250	17241	17241	17241	17241	739951	739952	743608	739932	739961	739877	30300	17241	739951	-13059	709651	tdi21-pascal-p5-realized-cost-v1
